Id,START,STOP,PATIENT,ENCOUNTER,CODE,DESCRIPTION,REASONCODE,REASONDESCRIPTION
ee7c1b52-06c7-f085-56b7-c05f0f406bfc,2018-04-06,2018-05-16,abc59f62-dc5a-5095-1141-80b4ee8be73b,eeec36d1-b3e8-8e61-7fae-69838d300aed,385691007,Fracture care,263172003,Fracture of mandible (disorder)
3a229fa9-2348-4f45-33eb-0c919907ada1,2021-05-17,2021-06-08,abc59f62-dc5a-5095-1141-80b4ee8be73b,f4740b9a-fe40-b2fc-20da-da45fb5b77d5,133901003,Burn care,403190006,Epidermal burn of skin (disorder)
58598cc6-960c-b366-7037-e282cd6dda25,2023-05-02,2023-12-05,abc59f62-dc5a-5095-1141-80b4ee8be73b,52162ca1-e8bf-2e36-8687-a59de9399ae9,134435003,Routine antenatal care,,
43da68af-763d-8709-3a19-8f0b5db21dff,1995-10-18,,a0b63e97-b6fd-5fe1-8f2d-2bec915efa97,7f7b7a07-b583-5641-bd20-a96223ce4407,384758001,Self-care interventions (procedure),,
9a720c12-85bc-18da-7398-aa71de54d40d,2014-03-18,,a0b63e97-b6fd-5fe1-8f2d-2bec915efa97,96ef9d5e-ade0-6688-04d3-1e0ece398ad6,276239002,Therapy (regime/therapy),,
250273cc-329c-28d7-6c59-8fa096a115dc,2015-05-01,,a0b63e97-b6fd-5fe1-8f2d-2bec915efa97,99d5d0eb-7234-196a-b51f-599eeda16f62,698360004,Diabetes self management plan,15777000,Prediabetes
6f755dc4-640e-4892-c357-bed2ebaf1ea9,2016-05-20,2017-05-12,a0b63e97-b6fd-5fe1-8f2d-2bec915efa97,39fc103e-fd0f-b055-35a9-c19d03259909,53950000,Respiratory therapy,,
7c7337cb-743b-635f-3357-5e5f8066d8b0,2003-01-06,,59844213-b884-17cb-59e9-c07a73a06f41,d9734ff2-0456-f60e-b803-2c21d46686cf,443402002,Lifestyle education regarding hypertension,59621000,Essential hypertension (disorder)
dadfadba-9d54-55c0-564e-5e7f96b223d8,2010-06-29,,59844213-b884-17cb-59e9-c07a73a06f41,d393938f-7905-f6b7-70b1-da065a4c91f2,408869004,Musculoskeletal care,,
bc170734-b9d7-3f66-c74b-fdba66011d29,2016-09-05,2016-10-12,59844213-b884-17cb-59e9-c07a73a06f41,3ba3586a-5fd3-a82d-aaac-e2d73ddb2b39,773513001,Physiotherapy care plan (record artifact),70704007,Sprain of wrist
d7a9ddd3-9bcc-55d2-beec-5bab7b4c5a41,2017-08-20,2017-08-31,59844213-b884-17cb-59e9-c07a73a06f41,e873d38a-2560-f883-e753-0705c77e133b,53950000,Respiratory therapy,,
e4d5b3a1-5fe1-e707-cc98-efa790251adb,1975-04-03,,9df4460a-2f66-2d07-de9e-0afaf84bb157,e2ee0faf-374c-6b50-6f3d-1a67512535c9,384758001,Self-care interventions (procedure),,
bf102f62-546f-dc4e-53db-601617eddb58,2017-01-05,,9df4460a-2f66-2d07-de9e-0afaf84bb157,a6d4921d-c2ba-e9bf-0884-754590e1c5b2,408869004,Musculoskeletal care,201834006,Localized  primary osteoarthritis of the hand
97c7c8b0-0529-3ba1-e561-813533ef8646,2021-03-26,2021-03-26,59844213-b884-17cb-59e9-c07a73a06f41,3b563996-71df-c1ee-b6cf-cf4bea9a8769,736376001,Infectious disease care plan (record artifact),,
738dcf21-9b2d-4583-ecf3-fa3d1acea9f0,2021-03-26,2021-04-22,59844213-b884-17cb-59e9-c07a73a06f41,3b563996-71df-c1ee-b6cf-cf4bea9a8769,736376001,Infectious disease care plan (record artifact),,
65a42cc8-8c69-e969-3227-8881efd24570,2017-03-22,2017-11-01,9df4460a-2f66-2d07-de9e-0afaf84bb157,5e25c2cf-2b84-e61a-b757-67ad8a760811,53950000,Respiratory therapy,,
28f6ba2b-7c0e-4c36-c3de-99c8253723e6,2022-03-21,2022-04-07,59844213-b884-17cb-59e9-c07a73a06f41,636a9c3f-2f7e-d6df-a486-df39b0a85120,225358003,Wound care,370247008,Facial laceration
ddcf3707-901e-9d78-f050-5d2d32c25e69,2024-06-03,2024-07-12,59844213-b884-17cb-59e9-c07a73a06f41,61d988d2-bea4-8b08-5e6a-2a754d39d74b,773513001,Physiotherapy care plan (record artifact),44465007,Sprain of ankle
82946ce3-901d-8359-a931-4aff33b2322b,2005-08-29,,239ae86a-96db-6211-9042-d3f2850aabb8,0a08d41d-1a96-d235-7935-39b0dffa08fc,698360004,Diabetes self management plan,15777000,Prediabetes
55089cee-4ab9-31f8-dcb4-1299c60beccf,2022-01-01,2022-01-27,239ae86a-96db-6211-9042-d3f2850aabb8,7cbe3731-220a-3344-e901-1efa9318bba8,225358003,Wound care,284549007,Laceration of hand
1762ed89-3765-f860-5eb7-06fee3ebd8b3,2024-11-12,,239ae86a-96db-6211-9042-d3f2850aabb8,30ffad9f-5054-ed59-c631-343c7af65daf,408869004,Musculoskeletal care,239873007,Osteoarthritis of knee
8cdb503b-335a-98d3-d6ec-6fe20001af04,2014-02-17,,54f1059e-6250-3949-6dd0-1dda9b85d22a,4b16b1e9-8854-30c8-c498-23efb7ff14cd,718361005,Weight management program,,
06e979a5-8a5a-5994-ad2c-9689fd9937e4,1988-06-27,,92675303-ca5b-136a-169b-e764c5753f06,af0b9f29-2850-079d-400c-c9f0a213254c,718347000,Mental health care plan,36923009,Major depression  single episode
6980d63c-7edc-e31b-fe30-891a968a5fd1,1988-06-27,,92675303-ca5b-136a-169b-e764c5753f06,1f30c699-e844-7918-1b6e-fac5db8aaf13,737434004,Major depressive disorder clinical management plan,370143000,Major depression disorder
89ed09d6-a16a-7146-9d05-6513e298137b,1988-07-18,,92675303-ca5b-136a-169b-e764c5753f06,8bf2f2d2-427e-ad79-8908-c92863f4c373,736254008,Psychiatry care plan,370143000,Major depression disorder
2604e11a-2faa-b31b-e563-b8b267b7e803,2003-07-28,,92675303-ca5b-136a-169b-e764c5753f06,bc3444af-7e47-bc33-60d4-37254e69a611,443402002,Lifestyle education regarding hypertension,59621000,Essential hypertension (disorder)
72f265e4-bb99-ccfb-e963-f5b0d645ab18,2007-08-20,,92675303-ca5b-136a-169b-e764c5753f06,2a30cfc1-e417-25f6-4bb7-584c92198ada,698360004,Diabetes self management plan,15777000,Prediabetes
a93db2e2-d873-4fc1-c9f1-2eb4b5b82d21,2015-08-24,2015-09-12,92675303-ca5b-136a-169b-e764c5753f06,c48070b3-acf6-4ac7-218c-4bf95accc32c,53950000,Respiratory therapy,,
3f4d68ee-cc7c-b0a9-9820-2eafa11f8be6,1974-02-23,,28d7b56c-6056-d0a2-2991-39d6e917216c,3915113f-080a-5463-c815-c1506a0f4c2d,443402002,Lifestyle education regarding hypertension,59621000,Essential hypertension (disorder)
b165c0b5-cf60-8102-c680-0f4a49cf0670,1989-05-20,,28d7b56c-6056-d0a2-2991-39d6e917216c,38c80c9c-7153-7e26-d1a4-25bf25be612d,698360004,Diabetes self management plan,44054006,Diabetes mellitus type 2 (disorder)
d341bf44-3afe-edde-54f3-6b32897afb4c,1994-09-23,,28d7b56c-6056-d0a2-2991-39d6e917216c,30c72904-b61e-56da-792d-81dfe201a31b,408869004,Musculoskeletal care,239873007,Osteoarthritis of knee
ebb6013d-5a9a-9b07-192a-abe95b1c6749,2020-03-17,2020-06-03,92675303-ca5b-136a-169b-e764c5753f06,fcb3f657-328d-f7f2-63c7-7c9f16139ae5,408869004,Musculoskeletal care,,
b998861d-b652-4c4e-5dc6-7e087bc80b0f,2007-09-25,,28d7b56c-6056-d0a2-2991-39d6e917216c,f76fb840-2533-1592-0d72-fd47d43553e3,53950000,Respiratory therapy,,
57ff49b6-0196-b4b4-5530-22258db40aad,2020-07-02,,92675303-ca5b-136a-169b-e764c5753f06,19dc5fa6-5ae4-fe9a-e139-70e60df61e37,736690008,Dialysis care plan (record artifact),,
d0df50ad-0423-d6c2-a350-76d6a3e8d071,2008-02-09,,6872def5-772f-427c-3053-de6e1c71ce0a,9434fbb6-467d-27cc-5ef9-fd80b7b7422b,698360004,Diabetes self management plan,15777000,Prediabetes
d7e9d070-c3d1-6f12-3628-820f9ab5015d,2010-03-13,,6872def5-772f-427c-3053-de6e1c71ce0a,035782a3-8c0a-3521-d1d1-72f2a947d0b0,736285004,Hyperlipidemia clinical management plan,55822004,Hyperlipidemia
c6636d08-b3be-4622-dbf6-ae7f1f393b7e,2010-07-25,,6872def5-772f-427c-3053-de6e1c71ce0a,f3fb335f-a482-7397-2443-6309e01c098d,408869004,Musculoskeletal care,239872002,Osteoarthritis of hip
dd0a405c-83d9-9a19-a131-85adeb01b5f2,1987-08-23,,4113255f-4e35-506a-ddef-4429caa17ffc,138f7e94-3c1f-81e7-db44-941dc2e14d60,443402002,Lifestyle education regarding hypertension,59621000,Essential hypertension (disorder)
e8e9620b-414a-90f1-f485-7fc8b59095c7,1987-08-23,,4113255f-4e35-506a-ddef-4429caa17ffc,138f7e94-3c1f-81e7-db44-941dc2e14d60,698360004,Diabetes self management plan,15777000,Prediabetes
1beffa30-0959-1e7d-45a0-68f78f9b6211,2019-09-25,2020-04-18,6872def5-772f-427c-3053-de6e1c71ce0a,18aeab2d-8ccb-c4ff-5394-3fc78a9f0eab,53950000,Respiratory therapy,,
14083540-a982-524c-a558-70bab3bd6aed,2023-07-16,2024-03-17,4113255f-4e35-506a-ddef-4429caa17ffc,86036992-5deb-347b-a40e-a18d324c3d2a,53950000,Respiratory therapy,,
1554378b-87c9-4add-2890-3792dd68ed0c,1963-01-02,,6c434506-fb4b-3e3f-c19d-553dec3b6c17,6fdcae38-d612-b549-a1ba-0a7867d64d3b,384758001,Self-care interventions (procedure),,
f81f8175-ad87-d16c-e170-de41f879b6de,1966-03-29,,6c434506-fb4b-3e3f-c19d-553dec3b6c17,0b612afb-4ba7-3e87-58fc-faa109ec38e3,699728000,Asthma self management,233678006,Childhood asthma
00e8ec40-1c12-8851-ad68-e34f1b22742f,1998-01-25,,6c434506-fb4b-3e3f-c19d-553dec3b6c17,2c80ee3b-7107-2ede-e02f-3fa4ae9c8b98,698360004,Diabetes self management plan,15777000,Prediabetes
a99a89d5-b333-ca21-10ce-58cfc979131c,2016-05-08,,6c434506-fb4b-3e3f-c19d-553dec3b6c17,80489cdb-94b3-75e1-5916-79e8217d963c,443402002,Lifestyle education regarding hypertension,59621000,Essential hypertension (disorder)
fe393846-0457-9c82-b17a-4b1403ea0766,2023-10-16,,92675303-ca5b-136a-169b-e764c5753f06,0388f30f-57dd-692a-eaf0-6ed37f6f194e,734163000,Care Plan,,
bd94715f-68b4-b0e3-effa-8231b22dcda6,1967-01-07,,ae8722c8-8fe3-3bf6-9ae3-d25954bcb8b8,2c1d3158-c929-0e72-c983-8e89298d5eaf,384758001,Self-care interventions (procedure),,
ceca980e-ba5c-97b9-e0bc-ba7251480b9f,1971-09-08,1971-11-23,ae8722c8-8fe3-3bf6-9ae3-d25954bcb8b8,ba608cb9-6669-3eba-b62e-f034a2306e4b,47387005,Head injury rehabilitation,62106007,Concussion with no loss of consciousness
37802ce8-4206-c9e7-86f4-302c45c1bcdb,1972-11-27,1973-01-31,ae8722c8-8fe3-3bf6-9ae3-d25954bcb8b8,da82918e-b019-f41e-51af-ed8f022a732f,773513001,Physiotherapy care plan (record artifact),,
38a1299c-e977-5bd6-6f03-087edb1023e0,1975-12-29,1976-02-26,ae8722c8-8fe3-3bf6-9ae3-d25954bcb8b8,11f6b3d2-4600-4663-f7ef-9eb91ead9619,53950000,Respiratory therapy,,
bee22d11-5269-8f1b-a36f-dbdfe1108681,1978-01-28,1978-04-01,ae8722c8-8fe3-3bf6-9ae3-d25954bcb8b8,18db9fe8-9210-4142-00f7-1816bf858be9,47387005,Head injury rehabilitation,62106007,Concussion with no loss of consciousness
5a8e0690-3aa7-f898-6030-5711f51bdba8,2002-04-10,,82340b68-7f78-8d50-15ba-0396be76a381,1236603f-85a0-92e8-b431-4943c436758b,384758001,Self-care interventions (procedure),,
6feabf8f-106f-0fd6-9fc1-ab9ad18fdf40,2013-12-10,2018-01-26,82340b68-7f78-8d50-15ba-0396be76a381,70abd123-011b-d2d2-ccb4-b90fc4a42d98,170836005,Allergic disorder monitoring,,
2e20bf17-040b-18cb-b956-739b207df0cd,2020-09-08,2023-02-07,82340b68-7f78-8d50-15ba-0396be76a381,050c64e3-3a85-0ffb-f5d5-18b07ea6b3c5,53950000,Respiratory therapy,,
a23772c6-1e2f-accc-4705-8c9104f62a10,2023-02-07,,82340b68-7f78-8d50-15ba-0396be76a381,03bc923f-9d07-9a48-93d8-6371f1d14dfa,443402002,Lifestyle education regarding hypertension,59621000,Essential hypertension (disorder)
28de10a7-aaa9-2a8a-8a5c-0ed91907e569,1998-12-15,,d92132ce-06ac-3ab4-217f-97257a290b22,8110539a-f38b-5528-e9bc-27361c274f94,443402002,Lifestyle education regarding hypertension,59621000,Essential hypertension (disorder)
55e1b791-2ffe-202f-4daa-2c5287f4e873,2003-01-07,,d92132ce-06ac-3ab4-217f-97257a290b22,3acd97a5-1d2d-3e27-b72c-19b54b12c21a,698360004,Diabetes self management plan,15777000,Prediabetes
d1cd9680-59fe-2fb7-e721-7b10f9face0c,2020-11-01,2020-11-15,d92132ce-06ac-3ab4-217f-97257a290b22,51bff411-d625-123e-1068-781571ce0417,736376001,Infectious disease care plan (record artifact),,
8ac31df1-1d42-3c86-1f83-584b6fa0d7a9,2025-06-27,,d92132ce-06ac-3ab4-217f-97257a290b22,21e86df4-e6a2-83d1-aecb-4686f548a036,736690008,Dialysis care plan (record artifact),,
bc956a43-281c-2c25-7760-12c41f9b2a40,1978-01-15,,d62238e5-917d-0df5-5c35-6aa5d13f17af,e55d1a36-e3ea-0a2c-a149-d5021d82175e,384758001,Self-care interventions (procedure),,
803d5cc7-e7bb-7aab-7337-ea9d36f0f3fb,1998-08-25,,d62238e5-917d-0df5-5c35-6aa5d13f17af,82ed3cb4-2d97-00a6-55a9-9ce3a29a9910,698360004,Diabetes self management plan,15777000,Prediabetes
fefcb215-f70a-c8be-15cd-683315e8ec7c,2008-09-21,,d62238e5-917d-0df5-5c35-6aa5d13f17af,7efb2d9e-5f24-5bba-8c26-7f1d762f76ff,734163000,Care plan (record artifact),60573004,Aortic valve stenosis (disorder)
a4bbe2cf-9114-e148-82d8-2e55732a909c,2008-11-13,2008-11-15,d62238e5-917d-0df5-5c35-6aa5d13f17af,f18de4a6-d61a-8c17-bb67-15e36a5091fa,735321000,Surgical inpatient care plan (record artifact),1231000119100,History of aortic valve replacement (situation)
55407fc2-791f-eaf5-8159-9ad32345431a,2008-11-15,,d62238e5-917d-0df5-5c35-6aa5d13f17af,74c75ba0-6026-e90a-eac9-71b319db9e2f,736372004,Discharge care plan (record artifact),1231000119100,History of aortic valve replacement (situation)
ad91f5ff-2c39-8d4f-afea-afef7106cbb0,2009-11-10,2010-01-26,d62238e5-917d-0df5-5c35-6aa5d13f17af,8cb4774b-cb9c-cac6-e09e-2a480a4783f0,133901003,Burn care,403190006,Epidermal burn of skin (disorder)
c95440a6-3b85-b63c-1e03-48e76ac263ac,1974-10-25,,a02a3f43-b6f4-d209-4062-af0cec3b22c1,3da60263-0964-bb71-a00b-ff5f78881f1c,698360004,Diabetes self management plan,15777000,Prediabetes
fb146fd6-051c-ed51-6bd5-fc5ba5a35c38,2008-10-24,,a02a3f43-b6f4-d209-4062-af0cec3b22c1,891408c0-a39f-c5f4-e308-1b31bc9d0ed9,443402002,Lifestyle education regarding hypertension,59621000,Essential hypertension (disorder)
9bf7953d-6c81-e540-e632-79c58b32d446,2015-12-02,,a02a3f43-b6f4-d209-4062-af0cec3b22c1,fa386b91-56fd-6f6f-6d4a-1a042170de67,395082007,Cancer care plan,94260004,Secondary malignant neoplasm of colon
65a4dfd6-fd3d-22c5-fda8-c0ec57cf59a0,2015-12-15,2016-01-06,a02a3f43-b6f4-d209-4062-af0cec3b22c1,34d41468-c303-41be-d4ef-8915d2cd91fd,737567002,Major surgery care management (procedure),94260004,Secondary malignant neoplasm of colon
ebcd25de-20d2-82f7-700e-d4033b8db759,2017-11-16,2018-03-14,a02a3f43-b6f4-d209-4062-af0cec3b22c1,4d14ffc6-f011-4ec3-886f-1e2499d83db4,385691007,Fracture care,65966004,Fracture of forearm
7274cd53-a302-5ee2-147c-45e7bd46d92e,2019-02-24,,a02a3f43-b6f4-d209-4062-af0cec3b22c1,a3e62f79-2ab4-85e3-b415-03be372fab78,736372004,Discharge care plan (record artifact),,
e40f6fb3-12da-0541-979b-97de3b0f4b87,1991-07-20,,4b9c1991-8733-d3f6-777d-6310b5dd7af2,4d9308c3-3e33-af9a-a434-9f501ddf6c7b,698360004,Diabetes self management plan,15777000,Prediabetes
8f25a5d7-6440-8e67-13ad-21dcdfbd3be7,2007-08-11,,4b9c1991-8733-d3f6-777d-6310b5dd7af2,9e5f851a-3fc7-9c00-7397-f970b708d89c,443402002,Lifestyle education regarding hypertension,59621000,Essential hypertension (disorder)
74956182-e897-0692-6642-8674f7e3be4d,1994-07-18,,2b22c37b-4bae-d4e6-4359-a4ce24afca4a,ab7d32d0-a964-7e19-f690-48ae1e86970b,734163000,Care Plan,,
5aadc998-3b69-97b7-f491-c24a6e56df12,2011-03-07,,2b22c37b-4bae-d4e6-4359-a4ce24afca4a,e513ca1e-4d94-7b8a-9861-0c0bc26de61e,698360004,Diabetes self management plan,15777000,Prediabetes
1867f6f3-a644-17a4-e686-68368084d45e,2021-01-02,2021-05-24,2b22c37b-4bae-d4e6-4359-a4ce24afca4a,f58cf9b6-c8d4-5296-e24e-8bcc26460b5d,53950000,Respiratory therapy,,
40d2ce6a-fc29-03e8-f622-4452390feaa0,1988-07-23,,9f6a80af-4fa3-bd0f-750b-94b7c3f7046d,31e369b7-de92-75d5-8d2c-c90724a6af32,698360004,Diabetes self management plan,15777000,Prediabetes
8705eed5-81b9-f8d8-6318-0cdfac1ff857,2002-01-18,2002-08-31,9f6a80af-4fa3-bd0f-750b-94b7c3f7046d,4ca023bd-478e-64d2-dac4-90f998591e5e,134435003,Routine antenatal care,,
2c58437b-4291-db95-22b8-09d645af17ae,2004-06-12,,9f6a80af-4fa3-bd0f-750b-94b7c3f7046d,263722c0-eb43-09c2-fc1a-1e435ef0f038,736285004,Hyperlipidemia clinical management plan,55822004,Hyperlipidemia
d847ed84-c825-e894-1aa2-348fb74c64e1,2005-12-30,2006-06-03,9f6a80af-4fa3-bd0f-750b-94b7c3f7046d,966c6e20-1dc5-86ed-389c-608c1b8549d6,53950000,Respiratory therapy,,
7d342e35-c743-abf8-cb1f-1293692fa279,1995-11-17,,44a8ca45-6c6e-38bb-fac0-ddbf7a7ee3a4,9440d050-0584-0faf-cb40-007766c99fae,698360004,Diabetes self management plan,15777000,Prediabetes
d3be6449-fe8a-4249-3b00-5f205358b6f6,1988-01-16,,0b8763a4-42fa-3de9-87fc-22e53fc1f411,70cbf892-ede8-6f48-af8c-f33220674da9,736285004,Hyperlipidemia clinical management plan,55822004,Hyperlipidemia
6d53cb5d-9fd8-ed88-c18b-bb5c997eb8d5,1994-01-08,,0b8763a4-42fa-3de9-87fc-22e53fc1f411,848b2a30-19fe-cd78-a7cc-0deab8101099,698360004,Diabetes self management plan,15777000,Prediabetes
67f5679c-c028-32b9-06ec-85fe73c71649,1996-12-21,,0b8763a4-42fa-3de9-87fc-22e53fc1f411,4aaa4c9b-7258-1f20-2f77-9411237dd12b,443402002,Lifestyle education regarding hypertension,59621000,Essential hypertension (disorder)
c156a198-6b88-6377-0cf7-c56e13fb57f7,2023-08-25,2023-09-15,44a8ca45-6c6e-38bb-fac0-ddbf7a7ee3a4,7e3d3fb6-c9cd-c247-e2d2-95a79dd64c50,53950000,Respiratory therapy,,
e14ee898-637d-463c-579b-d53febccb409,2023-09-12,,44a8ca45-6c6e-38bb-fac0-ddbf7a7ee3a4,7e3d3fb6-c9cd-c247-e2d2-95a79dd64c50,443402002,Lifestyle education regarding hypertension,59621000,Essential hypertension (disorder)
2904a69c-bdaa-89bf-23c5-b0ca32ebed1d,2023-09-22,2023-11-09,44a8ca45-6c6e-38bb-fac0-ddbf7a7ee3a4,8b0a66b3-ef4c-4743-16b9-2ad11976a401,408869004,Musculoskeletal care,,
fa7f147d-a619-3f23-57c1-23058e3642f6,2024-01-14,2024-01-23,44a8ca45-6c6e-38bb-fac0-ddbf7a7ee3a4,717fc3fe-32ae-4db4-ba29-e030ba8dc968,53950000,Respiratory therapy,,
b01ed273-4579-aaa0-00ad-fa3d457d72c9,2025-02-01,2025-05-31,0b8763a4-42fa-3de9-87fc-22e53fc1f411,0fef64dc-098c-bc94-23fa-d729a1b9985c,53950000,Respiratory therapy,,
d4f28914-fae7-5f5e-dd3e-c54d13fdfe84,1988-04-21,,feaf30c5-a7a1-7794-bfe1-4e2dae5a6ed2,18e9e255-aaff-2d1b-1e54-1a15aa43639a,698360004,Diabetes self management plan,15777000,Prediabetes
c0c93ec7-0323-8e80-ff5a-3957d93b2dac,2000-05-04,,feaf30c5-a7a1-7794-bfe1-4e2dae5a6ed2,bef3fefa-0452-12b4-e012-a5993f1cc64e,443402002,Lifestyle education regarding hypertension,59621000,Essential hypertension (disorder)
85b98449-4a0e-3464-5862-854ff069ad8d,2017-01-22,,feaf30c5-a7a1-7794-bfe1-4e2dae5a6ed2,ad7bf515-4d37-4a83-679a-56acbfbe56d2,736690008,Dialysis care plan (record artifact),,
cdecba45-cf05-65d7-79ef-e9ff76177c47,2017-05-18,2017-06-22,feaf30c5-a7a1-7794-bfe1-4e2dae5a6ed2,830bb7be-a79a-da16-0ce6-ceefd82bb33f,53950000,Respiratory therapy,,
e9d9faed-2932-c6e1-d3bd-2fdcd5fb536c,2008-12-13,,0d7f673c-e7ef-53d0-f561-1a7e9dd15d0c,58cc54ab-17ed-5339-bd4c-dcd2801b3c00,443402002,Lifestyle education regarding hypertension,59621000,Essential hypertension (disorder)
39c962df-1fd4-c333-4319-c7be134c92e5,2014-03-24,,0d7f673c-e7ef-53d0-f561-1a7e9dd15d0c,022b95f1-92c8-9141-dc93-439768fe53f2,276239002,Therapy (regime/therapy),,
635629bf-7ccf-fbe1-e66b-8af6d226ace3,2015-12-18,,0d7f673c-e7ef-53d0-f561-1a7e9dd15d0c,dd3a85a7-07da-b8b7-42ad-02f2ad634297,734163000,Care plan (record artifact),73430006,Sleep apnea (disorder)
b7828fa6-9ead-61dd-2c40-c04ba8511f23,2020-02-15,,0d7f673c-e7ef-53d0-f561-1a7e9dd15d0c,d098c686-358a-c215-9405-e2cf7df01e7b,698360004,Diabetes self management plan,15777000,Prediabetes
5195eab7-bc9a-cde8-8f7a-9b6afb0f6a79,2003-08-09,,7ac6b3c7-cdd7-23c4-52bf-a6cd4440a9d6,068a74fe-9426-26a3-54b5-901c0a3bf703,698360004,Diabetes self management plan,44054006,Diabetes mellitus type 2 (disorder)
e1785c2f-a714-7894-7462-331d9b0841e7,2008-09-27,2022-02-11,7ac6b3c7-cdd7-23c4-52bf-a6cd4440a9d6,568b7805-04ac-9218-33be-cf4d4242b7f0,134435003,Routine antenatal care,,
61423dd0-2531-53ce-5485-b8d08e6a9e50,2016-08-17,2016-09-04,7ac6b3c7-cdd7-23c4-52bf-a6cd4440a9d6,d6c9d85d-c77d-9114-430c-367a70fadc7e,225358003,Wound care,284549007,Laceration of hand
76b7a001-7eab-7f05-2c06-eec76ba7fa22,2023-04-15,2023-04-29,0d7f673c-e7ef-53d0-f561-1a7e9dd15d0c,5d553884-256b-278a-4c06-760cdce9bf6c,53950000,Respiratory therapy,,
452464e5-406f-c599-b975-826aebd0a93b,2023-11-03,2023-11-23,7ac6b3c7-cdd7-23c4-52bf-a6cd4440a9d6,2f063d9f-ab6b-626f-30f1-592d6318ff69,225358003,Wound care,283371005,Laceration of forearm
f6b95944-11b9-928f-ea79-50f290a3228a,1997-07-19,,c93f7b53-1b43-3665-5f1a-3fb068e83506,0d63cbd1-b848-07e8-e51a-628772f9e740,408869004,Musculoskeletal care,239873007,Osteoarthritis of knee
adbae5fe-4958-4643-f919-c6f301ef94c5,1998-08-25,,c93f7b53-1b43-3665-5f1a-3fb068e83506,f465c98d-29dc-4994-a664-f51452448697,698360004,Diabetes self management plan,15777000,Prediabetes
6bc08b5e-de78-83fc-1ce1-8773d49caccc,2004-09-07,,c93f7b53-1b43-3665-5f1a-3fb068e83506,595ab6d1-b362-2408-ed43-f562225e3332,443402002,Lifestyle education regarding hypertension,59621000,Essential hypertension (disorder)
5b726aed-2aed-4885-3767-b6b43e490a13,2008-10-21,,c93f7b53-1b43-3665-5f1a-3fb068e83506,757aff2d-0143-306c-4448-416196cf8016,736285004,Hyperlipidemia clinical management plan,55822004,Hyperlipidemia
20b06677-cdf6-88ca-4f62-aa92829ef553,2014-04-07,,c93f7b53-1b43-3665-5f1a-3fb068e83506,af1b8864-886c-c1d3-e7c9-344534363424,276239002,Therapy (regime/therapy),,
a5eec754-4454-2352-0e1d-485ca75d9c0a,1969-02-20,,6b060c17-b5af-82b5-0417-38644cf1fef5,cd16e416-c833-1209-2ad3-aaf66bf7a50c,699728000,Asthma self management,233678006,Childhood asthma
eee2eb45-16b9-681b-c10f-1a93286c7e93,1986-09-10,,6b060c17-b5af-82b5-0417-38644cf1fef5,912b1250-a514-6043-f6c5-43f698c7037d,443402002,Lifestyle education regarding hypertension,59621000,Essential hypertension (disorder)
cfda115b-dfad-202b-eb50-d2b717b94295,2005-04-27,,6b060c17-b5af-82b5-0417-38644cf1fef5,b7effcce-a292-126c-aff5-524b16b486e4,698360004,Diabetes self management plan,15777000,Prediabetes
a194be55-7979-efa5-6a10-0f33b0eb7c34,1983-11-04,,9d0c2d6d-2d96-c7a2-4958-766c79fcf225,e3ab84e7-716f-3fdf-17bf-ad7ed31ca05d,443402002,Lifestyle education regarding hypertension,59621000,Essential hypertension (disorder)
2fc6b9f2-9232-1f87-3673-17fe2d235f03,2006-03-10,,9d0c2d6d-2d96-c7a2-4958-766c79fcf225,00a98cda-9206-f8d1-cacc-47e40f8bbcdf,698360004,Diabetes self management plan,44054006,Diabetes mellitus type 2 (disorder)
b93c6f69-feb4-1df6-4689-5b2018ab3d3e,2018-05-18,,9d0c2d6d-2d96-c7a2-4958-766c79fcf225,df13f27c-3e69-d966-6c9a-ed8e836e1b34,386257007,Dementia management,26929004,Alzheimer's disease (disorder)
6dcebbac-c7c4-6dc1-1cae-956731e0f4e1,2017-02-05,2017-03-07,12e6dd54-169a-78f9-02f0-e7e41b07b0eb,4d1c9ef0-7e9a-aee0-c388-7617f4b1c599,53950000,Respiratory therapy,,
992e51f7-c793-b66a-5f5f-d134536d0e76,2019-11-16,2020-02-05,9d0c2d6d-2d96-c7a2-4958-766c79fcf225,8944b282-3171-7410-e9b7-662b58569e2b,47387005,Head injury rehabilitation,62106007,Concussion with no loss of consciousness
34ceb174-f04f-74d6-dc5d-ff599a417c0f,1982-12-09,,6be6dbc4-b4fa-be8d-bc6f-1439800193f2,12baabe1-409d-1a40-c40b-5dbaa9c27ea5,734163000,Care plan (record artifact),73430006,Sleep apnea (disorder)
606040c2-bcf1-502d-b77e-c0c051fc908a,2020-12-26,2021-01-18,9d0c2d6d-2d96-c7a2-4958-766c79fcf225,eff040ce-d355-8e3a-d1af-0dfda0b5610d,225358003,Wound care,283385000,Laceration of thigh
55ce56e7-b2be-075d-1cbc-47d8a5ea401c,2024-03-21,2024-05-14,12e6dd54-169a-78f9-02f0-e7e41b07b0eb,000a64ad-4dd9-adfe-6dcf-6b63669423d6,276239002,Therapy (regime/therapy),,
c429cfd2-72c6-3374-2133-4509e82717f1,2024-06-13,,12e6dd54-169a-78f9-02f0-e7e41b07b0eb,23fc9d6b-3fe6-6949-1984-9c9d400528a7,276239002,Therapy (regime/therapy),,
d0f3e2e0-ec84-45d8-5fb2-933dc613c1ad,2022-05-18,,6be6dbc4-b4fa-be8d-bc6f-1439800193f2,6e954770-01db-99f0-9026-a67ec9ca2164,736285004,Hyperlipidemia clinical management plan,55822004,Hyperlipidemia
c9b4f822-f70e-9858-6d5f-711f42bd8cac,2022-07-18,2022-08-08,6be6dbc4-b4fa-be8d-bc6f-1439800193f2,2eac78be-f729-8ba4-3d6e-e4a71127b2a7,773513001,Physiotherapy care plan (record artifact),44465007,Sprain of ankle
8533f5c2-fd8c-cc2e-8856-024e0d778b77,2023-09-04,2023-12-08,6be6dbc4-b4fa-be8d-bc6f-1439800193f2,c2687dc7-e204-53bc-fa2c-223c9c7c86a0,385691007,Fracture care,16114001,Fracture of ankle
ca3f7a7e-3845-1128-562b-87d455284862,2021-02-28,2021-02-28,73c66565-1b7f-5b57-4029-83de693606a4,8620cf52-aed2-c32a-2c99-0b4d1da380b2,736376001,Infectious disease care plan (record artifact),,
9944b61c-6506-9f9f-73fb-d502053866be,2021-02-28,2021-03-28,73c66565-1b7f-5b57-4029-83de693606a4,8620cf52-aed2-c32a-2c99-0b4d1da380b2,736376001,Infectious disease care plan (record artifact),,
71ea199e-9fe7-32eb-976b-b975cc2a1b92,2024-09-30,2024-11-26,73c66565-1b7f-5b57-4029-83de693606a4,b6478d95-06af-f2fa-6287-9b2b65cf933e,276239002,Therapy (regime/therapy),,
e693355c-3b54-96c8-29a5-79613016bb06,2013-09-23,,a832f5fa-07a9-e8ef-dc1a-8df6376be9cf,8086ef97-afe3-9a2d-6ad4-6e0b35b5d6bb,443402002,Lifestyle education regarding hypertension,59621000,Essential hypertension (disorder)
c2f55265-5259-48c5-661e-c2b73072ff1b,2024-12-26,,73c66565-1b7f-5b57-4029-83de693606a4,31a4a53a-8698-c2ec-4de4-83a8d78e11e6,276239002,Therapy (regime/therapy),,
4a8ca1a6-70c7-0f8e-4b0b-31fa95040f0d,2025-10-07,,73c66565-1b7f-5b57-4029-83de693606a4,f8490450-d14c-eee5-b55d-bb5d23291c44,53950000,Respiratory therapy,,
f75f5a2c-c352-e057-201f-b6372c8ea950,2018-10-17,2018-11-04,6b060c17-b5af-82b5-0417-38644cf1fef5,97fa345f-12ff-345d-70e9-81d2fbb1553b,225358003,Wound care,284551006,Laceration of foot
6b6198b4-4051-4484-0426-65ea57b01d69,2019-11-13,2019-12-18,6b060c17-b5af-82b5-0417-38644cf1fef5,fc67513d-f799-8d45-ca71-0f2752a7030d,773513001,Physiotherapy care plan (record artifact),70704007,Sprain of wrist
7986bcb5-aabf-cce9-a898-a24719028c9f,1973-07-07,,7fd93dde-4be7-96c6-bdab-7ee994f9209f,db12e9ca-08c3-c5ca-bc81-ed1e28e14f61,443402002,Lifestyle education regarding hypertension,59621000,Essential hypertension (disorder)
bdd11db4-69f4-d9e9-91a8-e14c173e58cf,2001-12-14,,7fd93dde-4be7-96c6-bdab-7ee994f9209f,a96656dd-9120-8e47-cfba-5d0a9e303a1d,698360004,Diabetes self management plan,44054006,Diabetes mellitus type 2 (disorder)
358d25f2-a906-0547-d9cd-36b16b9b7884,2011-03-15,,7fd93dde-4be7-96c6-bdab-7ee994f9209f,e48ade92-a1fc-5e7d-ebe8-44b4c3c37186,408869004,Musculoskeletal care,239873007,Osteoarthritis of knee
6a492776-af1f-9a0a-bb56-06bd5a425332,2014-04-24,,7fd93dde-4be7-96c6-bdab-7ee994f9209f,ee31cd42-6736-761d-b4e3-ac4882c49ac2,276239002,Therapy (regime/therapy),,
4a008b62-d2c6-0080-d83d-7a13209c7cd9,2018-11-27,,7fd93dde-4be7-96c6-bdab-7ee994f9209f,4e09a7ba-e23f-d62c-1a40-243cf0a3e50e,736690008,Dialysis care plan (record artifact),,
39323f3b-220d-7962-f094-59249c6019ec,2017-10-31,2018-02-10,e468e3f0-9c9c-5374-b953-db1ba26c9617,1adcd295-faf0-c64b-7f75-786dfc07fa3b,53950000,Respiratory therapy,,
c0bc5bfd-43f0-95b2-8db8-1d4ef410b7ea,1966-12-01,,e0b758ad-b2b3-8de6-ea86-e7cfb37eeaa4,d5d14a86-fdc7-0ef1-c8e7-685f1cf0aaf0,698360004,Diabetes self management plan,15777000,Prediabetes
b8493a5f-bae7-ccfc-a144-8ba6e8e60f5f,2018-06-20,2018-08-03,e468e3f0-9c9c-5374-b953-db1ba26c9617,0fbe50fd-4eda-ad56-3530-8e3ba968de47,408869004,Musculoskeletal care,,
4c9efca9-77b8-998c-e775-276647640b16,1994-10-27,,e0b758ad-b2b3-8de6-ea86-e7cfb37eeaa4,708ec182-9675-8869-5d04-d334a3be114d,443402002,Lifestyle education regarding hypertension,59621000,Essential hypertension (disorder)
97987109-cc60-f0ce-f70c-d2156ef534ee,2019-02-07,2019-02-22,e468e3f0-9c9c-5374-b953-db1ba26c9617,8e47fe98-77d8-1854-8436-38ea0c682753,53950000,Respiratory therapy,,
611c35c8-0837-0822-20df-98ba29fa35bd,2020-09-10,2021-03-25,e0b758ad-b2b3-8de6-ea86-e7cfb37eeaa4,8ba65579-1807-8dad-780c-99a8f7448649,53950000,Respiratory therapy,,
6dd72479-9274-8485-71bb-60051ef9e699,2022-02-22,2022-05-05,e0b758ad-b2b3-8de6-ea86-e7cfb37eeaa4,9e16dd2d-7137-640b-b56c-fb983b69e0db,133901003,Burn care,403190006,Epidermal burn of skin (disorder)
16a8d303-73e2-02ad-c025-5c94123546ea,2022-03-31,,e0b758ad-b2b3-8de6-ea86-e7cfb37eeaa4,9d60992a-e8a0-3b80-6c4a-71b76f65d8ec,386257007,Dementia management,26929004,Alzheimer's disease (disorder)
1f711844-8918-2aee-73c0-b8e850044c61,2022-03-02,,6b060c17-b5af-82b5-0417-38644cf1fef5,78a79e8e-3ea6-dd24-6ac6-2c0e84ca0594,736690008,Dialysis care plan (record artifact),,
dde0329b-5d99-bd99-ebe5-5d3714167e6d,2024-07-02,2024-08-09,e0b758ad-b2b3-8de6-ea86-e7cfb37eeaa4,56c311ed-9364-186a-9e14-c1bfdd17226a,773513001,Physiotherapy care plan (record artifact),239720000,Tear of meniscus of knee
3d941aa2-6d95-3f56-1360-929d7c9b7dca,2012-07-20,,2b440c6c-29db-af6a-02a2-30a13411bf78,518d74ab-a011-908e-d53b-970bba36732a,698360004,Diabetes self management plan,15777000,Prediabetes
76937d8d-1650-69c7-c964-f3012a2db32a,2003-05-08,,da58292e-c3c9-0c4c-a71a-50aa4b73e7b6,ce3ee10a-be5d-aa61-cc4e-b3732adf23fb,698360004,Diabetes self management plan,15777000,Prediabetes
43b4ba08-c0ff-f76d-cccd-242761364598,2020-06-28,2020-08-05,7fd93dde-4be7-96c6-bdab-7ee994f9209f,6f8d791e-7e7d-2952-41c5-ae2c1150dbc9,385691007,Fracture care,359817006,Closed fracture of hip
b2be546f-64aa-6cd3-cdf8-ac3dfa3ee728,2019-02-15,2019-05-03,2b440c6c-29db-af6a-02a2-30a13411bf78,53981eb1-abde-6d06-08c3-06f0547d253c,385691007,Fracture care,65966004,Fracture of forearm
5df4ca42-a265-0c93-3c8f-d74dd1ccebb0,2019-05-28,2021-07-30,2b440c6c-29db-af6a-02a2-30a13411bf78,d6dfdcd9-0d87-346b-7be4-b3e6fa402035,53950000,Respiratory therapy,,
7fe37cb3-39b8-e7ab-f7f7-1361f279b7db,2021-04-03,2021-04-03,2b440c6c-29db-af6a-02a2-30a13411bf78,342eb61d-2c2d-15df-0266-7a8927e167ce,736376001,Infectious disease care plan (record artifact),,
041ab0c7-c7f4-f337-2d8d-bfc08fd961a3,2021-04-03,2021-05-03,2b440c6c-29db-af6a-02a2-30a13411bf78,342eb61d-2c2d-15df-0266-7a8927e167ce,736376001,Infectious disease care plan (record artifact),,
dc01f952-8d05-c053-3d40-457cabe61100,1982-07-15,,d9fb22dd-45ab-41e3-7c6c-393d74805e67,aaa83d3b-0032-045a-a28f-5ac57e6565f2,443402002,Lifestyle education regarding hypertension,59621000,Essential hypertension (disorder)
a7f23a04-c507-4c9a-94d8-db091f586375,1998-09-27,,d9fb22dd-45ab-41e3-7c6c-393d74805e67,67e6f37e-74a0-96db-6dda-1346c6b8156d,736690008,Dialysis care plan (record artifact),,
1bf473b8-d256-2db7-33c5-39a08942bdd5,2004-02-12,,d9fb22dd-45ab-41e3-7c6c-393d74805e67,ff205863-4027-2192-5170-7ae1d324d7aa,734163000,Care plan (record artifact),,
2fff6717-8c22-3f40-5dde-f0063725100b,2014-01-27,,b29d5c39-026f-83b0-9e74-963143634b97,556bd729-e77c-6104-9272-28d78840c1c0,443402002,Lifestyle education regarding hypertension,59621000,Essential hypertension (disorder)
441bacbf-8ce0-bbd3-e058-56c17d97645b,2020-04-21,2020-06-04,b29d5c39-026f-83b0-9e74-963143634b97,2fe72fbb-7d30-6a47-d103-e596602ad7ce,408869004,Musculoskeletal care,,
b052d481-b128-f4b7-9f94-2add4698bfbd,1995-06-19,1995-07-26,abc45bec-b36e-3f75-e1d9-8773646608f3,1de48b10-37b6-8893-31b3-84b5f80c0322,773513001,Physiotherapy care plan (record artifact),44465007,Sprain of ankle
81182f68-0036-f381-1f72-2ae9f19e6857,1998-04-02,1998-10-29,abc45bec-b36e-3f75-e1d9-8773646608f3,b5ddf8f8-7103-67c3-97f2-185bd4f2756b,134435003,Routine antenatal care,,
b5018b59-ca75-cf74-28c7-f19ef3bd2ffa,1999-08-25,,3cb00951-f5a6-8180-00d2-ae0322d2ea7d,983804d6-dc0e-df3d-1c09-b738005b8554,443402002,Lifestyle education regarding hypertension,59621000,Essential hypertension (disorder)
ea622b87-1049-a858-bed2-5f5d85c82938,2002-07-15,,3cb00951-f5a6-8180-00d2-ae0322d2ea7d,ece96611-99ec-ca40-c393-87637db8aa60,384758001,Self-care interventions (procedure),,
4c246b05-7ddb-cf47-9496-2582d8ba7167,2019-04-07,,54a6f9f9-8f70-4897-015c-3762e169e70f,b3bb9507-8840-72af-0388-bbc56ec4a7fe,276239002,Therapy (regime/therapy),,
358fb8a3-a4c5-2fc1-77a4-00c81a46fba8,2003-05-01,2003-12-04,abc45bec-b36e-3f75-e1d9-8773646608f3,12059962-4845-3075-adc7-f2af2ce79112,134435003,Routine antenatal care,,
d281254b-d358-1076-22b4-45599265ef08,2004-04-22,,abc45bec-b36e-3f75-e1d9-8773646608f3,27aab98c-b3db-e948-8f6e-55b62807274a,134435003,Routine antenatal care,,
0b5a9404-b215-9638-9a2a-1e11bc6a422a,2021-12-29,,3cb00951-f5a6-8180-00d2-ae0322d2ea7d,c75a9076-ee89-74c5-a6f3-4ec711095f0a,698360004,Diabetes self management plan,15777000,Prediabetes
c37ade63-011c-e6e0-ff49-33cc47e88e02,2023-02-25,,7fd93dde-4be7-96c6-bdab-7ee994f9209f,5f2d5eef-1751-d828-35a0-c2b2c3910483,734163000,Care plan (record artifact),,
5d781aa7-2e0c-302e-2451-2850886e4790,2023-07-12,2024-01-10,3cb00951-f5a6-8180-00d2-ae0322d2ea7d,8b2e2b03-9db1-1776-1f5d-c4c4a0114d66,53950000,Respiratory therapy,,
8f9aba77-8ffa-3510-a479-e2bf09a0b0ff,2023-02-10,2023-03-23,aeb6fd40-c0da-23a8-7b46-6c9fe558d7b2,cacff5e7-6902-858e-a3e9-c5f5ca87d734,53950000,Respiratory therapy,,
d16a9676-2a3d-00d2-027f-6b4127b3f59b,2024-09-05,2024-09-24,aeb6fd40-c0da-23a8-7b46-6c9fe558d7b2,c50c68bb-56a2-5d3d-4fcc-c163ab2d628d,53950000,Respiratory therapy,,
44ec41a6-4111-68b6-262c-e82fe87a0609,2020-02-10,2020-02-25,7e1e93f8-2031-7073-b428-b300a71d0b5f,167b9f4c-90f7-da34-0c00-037b37f14f3f,53950000,Respiratory therapy,,
1c217b4e-f3cb-51e7-31fc-199d16285a6a,2020-05-16,,7e1e93f8-2031-7073-b428-b300a71d0b5f,2c5dd34e-c661-b02f-d959-ff7451bbcfc7,384758001,Self-care interventions (procedure),,
74f7a642-5866-bd23-2345-26a6f3f4cf23,2025-09-10,2025-10-24,7e1e93f8-2031-7073-b428-b300a71d0b5f,b10bc548-2d62-8a4e-3b10-8a9a4d902e88,408869004,Musculoskeletal care,,
9e569855-9a52-033d-ca67-6a19fca532bb,2017-02-19,,780ec78c-22a0-fcdb-17c6-ae9b2fcace9c,6cd4a758-4082-39ae-be1d-f019a18d1312,443402002,Lifestyle education regarding hypertension,59621000,Essential hypertension (disorder)
178a21e5-3441-3658-78b3-717c11e23e3c,2020-03-08,,780ec78c-22a0-fcdb-17c6-ae9b2fcace9c,a789e374-9ea9-11e5-27b5-37ba9652b294,698360004,Diabetes self management plan,15777000,Prediabetes
bfa48030-b536-605d-2ee1-f70bb14a2e1d,2022-03-02,2022-04-27,780ec78c-22a0-fcdb-17c6-ae9b2fcace9c,2557f164-ed1d-b248-16c5-657bd3b3a54c,773513001,Physiotherapy care plan (record artifact),30832001,Rupture of patellar tendon
641a374e-f504-a674-62a3-a9084c5b455d,2024-02-11,2024-09-15,780ec78c-22a0-fcdb-17c6-ae9b2fcace9c,8c0560ca-a1de-8842-094e-ac9fce871ac4,134435003,Routine antenatal care,,
6071c73d-affc-2fa4-d74c-366646fc1b78,2020-03-26,2020-04-11,e5b40b82-031b-610f-787e-2a4242efcfea,5ed8afed-3a4f-97c0-4093-a8997a333af8,773513001,Physiotherapy care plan (record artifact),44465007,Sprain of ankle
dc2be942-17b3-ac50-d544-caf9ba427458,2024-02-05,2024-03-11,e5b40b82-031b-610f-787e-2a4242efcfea,99ef5d44-9894-1ce4-579f-b02bc1698bef,773513001,Physiotherapy care plan (record artifact),44465007,Sprain of ankle
fa81c4f5-1987-f365-c655-08f5f85c31fb,1996-12-04,,a376c488-a269-2a21-b513-5979ff24da86,7f994552-191b-e462-ab60-baa3c5276be4,698360004,Diabetes self management plan,15777000,Prediabetes
3be553a5-6b2d-6604-b1dd-8431395cbc76,2014-03-01,,a376c488-a269-2a21-b513-5979ff24da86,169b5f34-43f1-cd14-8c78-92dd3cc5a042,408869004,Musculoskeletal care,239873007,Osteoarthritis of knee
e66d8921-bd49-f249-c5d2-513f312982f4,2021-01-06,2021-01-06,a376c488-a269-2a21-b513-5979ff24da86,9196a11f-b85c-2d64-bbad-d0211651680e,736376001,Infectious disease care plan (record artifact),,
245cdd37-fad9-f950-9760-8326509a96be,2021-01-06,2021-01-21,a376c488-a269-2a21-b513-5979ff24da86,9196a11f-b85c-2d64-bbad-d0211651680e,736376001,Infectious disease care plan (record artifact),,
7cf945be-7db7-6291-8c13-03999f017b80,2023-07-26,2025-04-16,a376c488-a269-2a21-b513-5979ff24da86,a1d1d7fb-3d11-acef-acd2-03dcf249cfed,395082007,Cancer care plan,363406005,Malignant tumor of colon
cf917be4-6758-e591-d774-e28cdc06f00d,2023-08-05,2023-08-30,a376c488-a269-2a21-b513-5979ff24da86,b3858a49-f3ba-3f50-36f3-f3dd2b6535a2,737567002,Major surgery care management (procedure),363406005,Malignant tumor of colon
8d344be7-872d-5cdb-bea4-573627363c39,2025-06-04,,a376c488-a269-2a21-b513-5979ff24da86,50ce061c-35b9-8b97-fccb-659697fa7977,736285004,Hyperlipidemia clinical management plan,55822004,Hyperlipidemia
0b589c90-a8a8-3015-0975-53cb510d60ab,2025-07-06,2025-10-08,a376c488-a269-2a21-b513-5979ff24da86,1f422a16-9c82-8eee-b1a1-98bac9de36a3,385691007,Fracture care,16114001,Fracture of ankle
65ae4da6-7f3f-e045-0197-7ae05aa7f91b,1968-05-16,,9cb5a91e-6d01-1996-6b45-a6ddd9b7076c,24f861c8-a83a-9fed-a983-befd3c717199,384758001,Self-care interventions (procedure),,
6ba72ade-20ee-acdb-ae1f-a0922de310c5,2009-04-29,,9cb5a91e-6d01-1996-6b45-a6ddd9b7076c,95f84b2c-53fa-6d6d-c82b-4a316b2731e1,698360004,Diabetes self management plan,15777000,Prediabetes
b6a421bc-f747-867c-c41a-21d29ee5ca03,2015-07-14,2017-04-19,9cb5a91e-6d01-1996-6b45-a6ddd9b7076c,db02c714-2dd1-5411-28d7-0c86d24570c2,53950000,Respiratory therapy,,
d0cb1e9c-ebb9-2601-9673-72f2a48c96c3,2016-05-06,2016-07-15,9cb5a91e-6d01-1996-6b45-a6ddd9b7076c,66efa7c2-c678-0278-80ba-5495394c28ee,408869004,Musculoskeletal care,,
aa7b6c72-1513-66c8-202b-f9bfc170d3c5,2017-05-10,,9cb5a91e-6d01-1996-6b45-a6ddd9b7076c,92aa36d9-7259-42bb-68e7-68166cf5b380,736285004,Hyperlipidemia clinical management plan,55822004,Hyperlipidemia
f76cf967-4654-0bc4-1f21-7f7b080116ec,2022-05-09,2022-10-10,3c865c64-7112-8dc1-d3a4-a5a102bede45,615e068f-a065-e951-8fee-df5a16b79af1,53950000,Respiratory therapy,,
0f8dc83b-24ca-45dd-0cd2-a3fbc838e7fc,2019-06-07,2019-09-03,9cb5a91e-6d01-1996-6b45-a6ddd9b7076c,fb3ac62b-f62f-ee4c-cea7-bc45b34d51b2,385691007,Fracture care,58150001,Fracture of clavicle
528188e3-12e9-defa-811f-6ef347ad7a80,2025-01-14,2025-02-23,3c865c64-7112-8dc1-d3a4-a5a102bede45,7403f5a1-f269-13a9-e739-98bcde329e77,773513001,Physiotherapy care plan (record artifact),70704007,Sprain of wrist
91eee089-5049-0524-adb8-11595250b2d9,2022-05-03,,9cb5a91e-6d01-1996-6b45-a6ddd9b7076c,ef36292a-dec6-a76b-eecf-91058cef32e5,734163000,Care plan (record artifact),78275009,Obstructive sleep apnea syndrome (disorder)
c7350737-34e1-b376-bdfc-ea1d25195f9f,1983-09-07,,229a1e6d-1714-f0cd-8253-a8729632291e,b361f6d1-bd69-2398-7b78-55eb6d885791,443402002,Lifestyle education regarding hypertension,59621000,Essential hypertension (disorder)
18f0a050-ae39-2ef1-82be-7d8a5b2a1a9c,1986-09-24,,229a1e6d-1714-f0cd-8253-a8729632291e,d3ec7535-0aa7-e61d-0296-e68b3a52055a,698360004,Diabetes self management plan,15777000,Prediabetes
cf8489a4-4806-7fcb-d5b5-e84da22ba46a,2002-07-17,,229a1e6d-1714-f0cd-8253-a8729632291e,68c4253b-eaa1-32b1-0211-ba0673230138,736690008,Dialysis care plan (record artifact),,
13d719ea-991c-d8d5-4f17-0c82b50b9e4b,2005-07-06,,229a1e6d-1714-f0cd-8253-a8729632291e,38fefed6-a05f-dfbd-6764-57a626ec3f47,734163000,Care plan (record artifact),73430006,Sleep apnea (disorder)
06f3eb8c-1622-77c0-6905-9cf8e5666d1d,2010-09-23,,229a1e6d-1714-f0cd-8253-a8729632291e,5ec4e3fd-0527-2740-3f83-6b394d3e3051,408869004,Musculoskeletal care,239873007,Osteoarthritis of knee
d8b58cca-b0fb-45a4-4e6f-c5d5117ed6d1,2014-03-25,,229a1e6d-1714-f0cd-8253-a8729632291e,e37640ab-a1be-6e01-168a-e04c5ab3722c,276239002,Therapy (regime/therapy),,
27e38470-0a4c-48c0-22fd-3459240c04da,2018-04-27,,08b3d6d2-696d-0746-a0d3-c2a5d463f7ba,529b3b90-9e06-7d8c-918d-d638f556c597,698360004,Diabetes self management plan,15777000,Prediabetes
a39f3255-e2e7-2a76-43a5-9a5e6d81c893,2019-04-12,2019-11-14,08b3d6d2-696d-0746-a0d3-c2a5d463f7ba,22dd57ae-e5b2-ae29-07c3-593b8abe5d8f,134435003,Routine antenatal care,,
5c04d26f-3d48-e5dd-85d2-b6ec2c6f7545,2020-07-24,2021-03-11,08b3d6d2-696d-0746-a0d3-c2a5d463f7ba,1967288c-01af-8e43-f60e-18344e02e3ce,134435003,Routine antenatal care,,
f90d0429-97de-1b3d-5998-71b3f6033f33,2020-12-16,2020-12-16,08b3d6d2-696d-0746-a0d3-c2a5d463f7ba,6a37d1c6-cfc2-3849-3e7c-a543628d17b6,736376001,Infectious disease care plan (record artifact),,
98828753-8cd9-07f3-5d81-fdd8f1bfbc38,2020-12-16,2021-01-19,08b3d6d2-696d-0746-a0d3-c2a5d463f7ba,6a37d1c6-cfc2-3849-3e7c-a543628d17b6,736376001,Infectious disease care plan (record artifact),,
47a98df0-b4e6-a5f9-ff5e-8b5f73bb3bbe,2017-10-29,2018-10-28,d172514a-6703-7f8e-b76d-a9ddc6e49a5b,4007cd37-1d84-dad9-7c0c-98240677d327,53950000,Respiratory therapy,,
369a0b1e-bd7e-322c-1149-673d7f5315c9,2022-01-13,2022-08-19,08b3d6d2-696d-0746-a0d3-c2a5d463f7ba,329770c9-c679-f82e-3085-105907dc8081,134435003,Routine antenatal care,,
75d2e0e0-0ecd-43ba-0dc5-d3aae092c746,2022-07-17,2024-05-03,08b3d6d2-696d-0746-a0d3-c2a5d463f7ba,32ef833d-c0eb-d464-11ef-ed918b625e69,53950000,Respiratory therapy,,
0c377437-a74d-3817-88bb-229d28a6b07d,2021-12-26,2022-11-20,d172514a-6703-7f8e-b76d-a9ddc6e49a5b,2390f54e-9f1c-9583-4b8d-a81e52386d40,53950000,Respiratory therapy,,
ddafe61e-adcf-9045-7aea-1eea05fad580,2022-10-23,2022-11-10,08b3d6d2-696d-0746-a0d3-c2a5d463f7ba,66b79539-c1f4-ca3d-47e6-c8d37b71b8bd,737471002,Minor surgery care management (procedure),,
0efea21c-4e40-e3bd-8294-165b764a1494,2022-10-24,2022-11-14,08b3d6d2-696d-0746-a0d3-c2a5d463f7ba,95f110ca-5061-4745-4ce1-4bf993756b60,225358003,Wound care,284551006,Laceration of foot
cbd409fe-b852-70ba-256d-5ebb24ce1cc4,2018-02-22,2018-05-09,229a1e6d-1714-f0cd-8253-a8729632291e,64250515-8763-251b-ecc1-9ddb6d62c8cf,133901003,Burn care,403190006,Epidermal burn of skin (disorder)
8cadc719-9cbd-22e3-d3b6-7d27db31e04d,2018-03-31,2018-04-18,229a1e6d-1714-f0cd-8253-a8729632291e,9286d3c6-d6eb-c25f-f4f0-8687d074126d,53950000,Respiratory therapy,,
46867775-9592-cbce-5bba-3d96fe82beda,1997-05-13,,eb76c027-3233-acb1-fd9a-099047ca7cb4,ecd7179c-a971-e3b3-bac5-c061fabc64dc,698360004,Diabetes self management plan,15777000,Prediabetes
f180cb7a-2250-190f-93c5-77b73487609d,2025-06-11,,eb76c027-3233-acb1-fd9a-099047ca7cb4,d761c276-e7be-c03d-15db-82fb61aff62a,736285004,Hyperlipidemia clinical management plan,55822004,Hyperlipidemia
49a5b12f-e3a1-f2ee-14d1-9ad875482fb9,1992-10-25,,fb00b97e-91b2-234e-4c91-09276b3d8366,b60a7644-a7f4-f070-ba17-978f8cd19c85,698360004,Diabetes self management plan,15777000,Prediabetes
c7f3a444-a43f-b31c-2ebb-1a2aa60ae1a9,2017-02-19,2017-10-15,fb00b97e-91b2-234e-4c91-09276b3d8366,9da773da-c151-7c82-4324-8e0b525d41be,134435003,Routine antenatal care,,
f7cd1bbc-40bb-9483-70d3-0e9f5de978dd,2019-09-22,,fb00b97e-91b2-234e-4c91-09276b3d8366,ca455f50-14b8-0510-cde6-e42bf98405bb,736285004,Hyperlipidemia clinical management plan,55822004,Hyperlipidemia
4866eaa9-4155-d120-3f7c-a728e2739fac,2021-03-21,,fb00b97e-91b2-234e-4c91-09276b3d8366,9cea5f6a-a9d9-5ca8-d78a-547975d02b17,408869004,Musculoskeletal care,239873007,Osteoarthritis of knee
96952b9b-0311-6d1f-21bb-d855c39e6a7e,2021-10-24,2021-11-16,2ff5b5a6-d177-3b18-8e85-efa8aa817da5,809294cc-5d20-4bfb-6259-b53988f22782,225358003,Wound care,370247008,Facial laceration
f891dba4-a687-8e65-f986-6ad4f5b68479,2016-11-06,,98b29475-c028-0a58-e08f-0cd93982a198,37cbd6ed-c955-7c11-b517-9581f2df2fea,412776001,Chronic obstructive pulmonary disease clinical management plan,87433001,Pulmonary emphysema (disorder)
98e30ad5-a165-1aa0-978d-ff639731d0fc,2012-03-27,,33d477d9-1fe8-91c1-cba0-6bd8f8415e65,235ef09b-3589-2db7-fb6a-5ffbbd5f8f1d,384758001,Self-care interventions (procedure),,
7ba41a8a-f81a-bca7-f6b4-11cc3f0b10db,2016-06-20,,33d477d9-1fe8-91c1-cba0-6bd8f8415e65,d94210c4-1780-ed5d-9aa6-d0a65ec4e871,699728000,Asthma self management,233678006,Childhood asthma
2b7c775e-3f13-a891-418a-1436aa30d928,2012-07-11,,de064367-b981-212e-7640-35b1c6fc7b50,ced4316c-ab21-2648-5288-b65aa130b52a,384758001,Self-care interventions (procedure),,
4d1bc5e3-8f43-a351-66f4-5b7a54d33ef3,2021-02-04,2021-03-12,de064367-b981-212e-7640-35b1c6fc7b50,71a0c6fb-8bb5-aba2-a09c-30a7b9882c3e,47387005,Head injury rehabilitation,62106007,Concussion with no loss of consciousness
9c81c501-d02d-f284-79bb-d4d064bc257d,2024-10-19,,de064367-b981-212e-7640-35b1c6fc7b50,f81c52ed-8bfa-f747-ae92-84a3f0491266,170836005,Allergic disorder monitoring,,
40132c00-7907-55f3-1095-da8b26912468,2016-07-23,2016-08-06,8196e80b-2dd7-6f13-8bd2-432e7b14e47b,74d920e1-c448-2dfc-20be-5ac855c0065f,773513001,Physiotherapy care plan (record artifact),44465007,Sprain of ankle
aa62b8dc-3bb9-dee7-b32d-aff1749f8ad3,2021-10-20,2022-05-05,8196e80b-2dd7-6f13-8bd2-432e7b14e47b,2625b43d-29a0-e98b-cb4b-9cb47d814a3e,53950000,Respiratory therapy,,
1691bc49-bf50-95a6-f6c3-561b3bc5bebc,1977-02-17,,31634edb-3154-7bd7-af86-e57e6d830a2f,cfd42abf-208a-592f-b3ae-3bb8fac9487a,718361005,Weight management program,,
efa9762b-d98d-3b55-25ab-0cdb87b155ed,1991-11-02,,31634edb-3154-7bd7-af86-e57e6d830a2f,1670e497-be54-aaf8-24da-de17bee389e7,384758001,Self-care interventions (procedure),,
f02ce66e-5bad-6906-5ce9-2f47452d8936,1998-05-07,,31634edb-3154-7bd7-af86-e57e6d830a2f,05fac58d-47ca-316a-aef5-f112f853fb26,698360004,Diabetes self management plan,15777000,Prediabetes
2cf38a57-95c9-f2c6-f71d-a56a1a6b3d16,2004-05-13,,31634edb-3154-7bd7-af86-e57e6d830a2f,5548007b-3944-a698-c6fa-2fdb6dff5978,443402002,Lifestyle education regarding hypertension,59621000,Essential hypertension (disorder)
8b6874b5-97ec-a18c-6b98-0c9729ac5ea6,2012-07-31,,31634edb-3154-7bd7-af86-e57e6d830a2f,6c78b2d9-3827-7852-8c0f-5742d98b9fea,408869004,Musculoskeletal care,239873007,Osteoarthritis of knee
b45a45e2-9c78-20c1-033e-a7e13beb2be1,2018-05-10,2018-12-13,31634edb-3154-7bd7-af86-e57e6d830a2f,e534e659-1af9-4573-4558-796f7c4cf683,134435003,Routine antenatal care,,
b83fd885-5f1b-2e98-2bb9-89ec6bca4fd5,2022-03-13,,31634edb-3154-7bd7-af86-e57e6d830a2f,771f6239-c5fb-4610-8bb5-fcb361c38c0c,736690008,Dialysis care plan (record artifact),,
652965b3-66cc-0753-8260-1f16bade8e16,1993-09-04,,9ecb78eb-1783-f5e7-2527-05dcb17916d8,b202343f-5393-cc0a-5788-ab620d4b778e,443402002,Lifestyle education regarding hypertension,59621000,Essential hypertension (disorder)
6200679b-eb29-7ec8-c08e-9b14e4220841,2005-09-18,,9ecb78eb-1783-f5e7-2527-05dcb17916d8,51543927-2916-a30f-6063-ee798f9b11c9,736254008,Psychiatry care plan,47505003,Posttraumatic stress disorder
1a00ce99-d703-2a06-eafe-59e7abb0bbd8,2015-05-23,,9ecb78eb-1783-f5e7-2527-05dcb17916d8,5be009e6-c2aa-5631-edec-b029208e55f2,698360004,Diabetes self management plan,15777000,Prediabetes
b7f3f92b-6b1a-2874-19ce-53b896b6b3b1,2015-11-17,,9ecb78eb-1783-f5e7-2527-05dcb17916d8,f575f4d2-4ca6-25fe-a7ea-b0907ac81908,736690008,Dialysis care plan (record artifact),,
be79f699-21d5-ec33-9f00-cc14d7cbd21f,2018-06-08,2018-08-01,cf0317fa-538c-da95-fa7c-eb5466ede656,2495fe4c-d0a5-30a9-7712-e58f1fbc3496,385691007,Fracture care,65966004,Fracture of forearm
1d1de3fc-e2dc-7eb4-be39-e36cd03762d2,2020-07-25,2020-08-23,cf0317fa-538c-da95-fa7c-eb5466ede656,2d5bbc32-2d99-a996-77c4-053e2898e721,773513001,Physiotherapy care plan (record artifact),70704007,Sprain of wrist
e361b97d-4863-8d5f-b13d-8185e41e0823,2021-10-27,2022-12-15,cf0317fa-538c-da95-fa7c-eb5466ede656,7aa3d113-1be0-2f12-a23f-148b412fa0f3,53950000,Respiratory therapy,,
fdd71507-3be2-f29c-cd5e-eb8f2ae1ec50,2021-11-04,,cf0317fa-538c-da95-fa7c-eb5466ede656,686c5ede-2db2-e42f-4e0d-0aba7c583719,698360004,Diabetes self management plan,15777000,Prediabetes
0d940bee-ae1d-a56a-e789-d129de4c2fe6,2025-11-25,2025-12-10,cf0317fa-538c-da95-fa7c-eb5466ede656,8244bc28-1a96-8a1d-7319-36d122f1581d,225358003,Wound care,283385000,Laceration of thigh
d68f274c-88f0-6cd8-e445-0b18dd683d90,2018-05-20,2018-06-30,47a09a92-ead2-b13a-c858-5adb5b8613ad,556e102e-da77-b6df-d0b8-9d2c16c78e58,385691007,Fracture care,263102004,Fracture subluxation of wrist
3a486a07-62a8-c931-cf77-9c6607867fc4,2022-07-10,2022-08-12,47a09a92-ead2-b13a-c858-5adb5b8613ad,ac50b24e-4b14-5cfc-0178-718b1f5a2be9,773513001,Physiotherapy care plan (record artifact),44465007,Sprain of ankle
b7c98560-d840-5a2f-4339-903a64cba65e,2023-05-28,2024-05-19,47a09a92-ead2-b13a-c858-5adb5b8613ad,f939c057-f279-6c61-629d-cc6135c5f221,53950000,Respiratory therapy,,
401be7d6-0cba-fc2f-bb53-45f81418a549,2018-01-20,2018-03-10,9ecb78eb-1783-f5e7-2527-05dcb17916d8,adafc95f-3c87-56d6-6305-1f25c989cf03,133901003,Burn care,403191005,Second degree burn
7f03d64f-3b62-0f9d-fad0-c493650dc72a,1986-05-25,,3237ddd9-55c0-a584-90cc-83b1d1ae39bf,ee887030-dab7-5ef6-a237-013f93169d5a,443402002,Lifestyle education regarding hypertension,59621000,Essential hypertension (disorder)
d12d96a0-6db4-4154-402b-c46a51c01c27,2014-07-29,2017-01-19,ddfa516a-3f42-af6c-5779-548d6943e116,d597feed-88ea-c2e3-bebd-fd4018ef5db0,53950000,Respiratory therapy,,
934feb5f-db41-9ba3-a3e2-0af5f484dc7c,2016-04-13,2020-06-18,3237ddd9-55c0-a584-90cc-83b1d1ae39bf,c7517aa2-6f86-a63f-20f1-4dd819209846,408869004,Musculoskeletal care,,
0c30d1cd-1732-e3b1-3d7e-1463d209e5a2,2018-06-16,2018-07-01,3237ddd9-55c0-a584-90cc-83b1d1ae39bf,b3e07d33-9ebf-2546-1641-7258f8febb72,225358003,Wound care,283385000,Laceration of thigh
b7643bb4-1ce4-0f3b-2b8c-b485d1a739a8,2022-02-23,2022-03-06,3237ddd9-55c0-a584-90cc-83b1d1ae39bf,42f807d6-10b7-2e52-cabf-d2c80bbebed8,53950000,Respiratory therapy,,
9924461a-a95e-a226-2fe5-6ba3325304a1,2004-06-13,,b5ee241c-8d9f-67a4-437a-5665fb026da3,a3c8d50b-9431-9f11-5441-d43b300b8180,698360004,Diabetes self management plan,15777000,Prediabetes
607f20f3-f2f6-e2c5-9b48-3e855e832f87,2019-02-09,,9ecb78eb-1783-f5e7-2527-05dcb17916d8,cfc4bc20-5358-b6ab-4ce2-b76b00a0b6d6,734163000,Care plan (record artifact),,
dde2b8ed-7521-dbec-2c25-b8d656fc1166,1997-05-08,,2add8cb0-9ec4-15de-4e5b-e812509a5068,75d40014-4afa-0115-9f2c-a92bcbf6f284,384758001,Self-care interventions (procedure),,
1378d7bb-0eba-2747-178d-49469ee41801,2019-08-31,2020-04-04,2add8cb0-9ec4-15de-4e5b-e812509a5068,0acf2c65-9514-3a21-645b-3373cb037869,134435003,Routine antenatal care,,
cb4190a1-3710-dc4e-d90b-77f63882b00f,2024-05-04,,2add8cb0-9ec4-15de-4e5b-e812509a5068,94f0baf9-a87a-a7d9-e73d-a5d853d6b59f,443402002,Lifestyle education regarding hypertension,59621000,Essential hypertension (disorder)
ad96aee2-c99b-653c-6414-8cee0b889991,2026-01-24,,9ecb78eb-1783-f5e7-2527-05dcb17916d8,91a7f3ae-2b12-d9e3-6f0f-54664f7b10c3,225358003,Wound care,284551006,Laceration of foot
39ab1a26-7133-f196-0faa-e031675b3b30,1997-06-17,,509acf6b-ef54-fc75-32c0-3b542ba71495,f66fd131-80f3-7010-2dbe-8554b3f40409,698360004,Diabetes self management plan,15777000,Prediabetes
5232a496-969c-7caa-2e85-3d9dc0a7ef01,2014-04-20,,509acf6b-ef54-fc75-32c0-3b542ba71495,a390e7e3-874d-3c33-38c4-18467c70ed47,276239002,Therapy (regime/therapy),,
ccdaa40b-8911-4a5a-15e4-c757c8c68e54,2023-11-30,2024-01-15,509acf6b-ef54-fc75-32c0-3b542ba71495,0b04ce33-9424-80ea-af59-c4daec74e4c3,133901003,Burn care,403190006,Epidermal burn of skin (disorder)
f236203a-a3cf-8d31-5140-8120eb0e696e,2016-12-03,2017-03-28,9997b8ce-f9ed-19b2-c67c-9e0ae75862a7,aaabdf6a-200d-9598-b973-8c0f613c5369,385691007,Fracture care,263102004,Fracture subluxation of wrist
5c7a5995-83c8-85ac-286b-93d93e64cbf7,2020-01-28,2020-05-22,9997b8ce-f9ed-19b2-c67c-9e0ae75862a7,5a49b743-82d7-3432-dfc7-e5662d63ce28,385691007,Fracture care,58150001,Fracture of clavicle
10012ea1-7386-1e8e-7081-9eb49d3745e2,2023-03-20,,9997b8ce-f9ed-19b2-c67c-9e0ae75862a7,e6a0bbbb-e8dc-6df9-5b93-b1de0ccee5ab,276239002,Therapy (regime/therapy),,
c587b235-eb7d-4f0f-9524-e948d9930b85,2024-04-10,2025-02-23,9997b8ce-f9ed-19b2-c67c-9e0ae75862a7,bc5fe0c8-8776-4802-f732-6ee74e3c1071,53950000,Respiratory therapy,,
51f840a6-84a4-0fb4-3fcf-a325010a9940,2024-04-14,2024-11-24,9997b8ce-f9ed-19b2-c67c-9e0ae75862a7,885d9b55-6d0b-4c3f-db0a-e12c28b13ed1,134435003,Routine antenatal care,,
dcc5f321-859e-b661-5e31-0ad716b3af34,1997-09-05,,1430c5ce-aacb-45c3-6ffe-ff517a569541,b3f295cd-c76d-fbe4-e473-a2ded7f7440e,443402002,Lifestyle education regarding hypertension,59621000,Essential hypertension (disorder)
51740b16-258d-a70e-a847-d602632a77be,2025-02-23,,9997b8ce-f9ed-19b2-c67c-9e0ae75862a7,36ea21e5-6f13-be3b-6d86-f5b5a40868c8,698360004,Diabetes self management plan,15777000,Prediabetes
580e91d6-f0fa-d12a-41eb-32a78d32a3d6,2022-04-18,2022-08-11,1430c5ce-aacb-45c3-6ffe-ff517a569541,0bc00eb6-7e42-1493-828f-62f215090f3a,385691007,Fracture care,58150001,Fracture of clavicle
360f6db5-6688-d5f1-da64-790a8980895e,2025-10-12,,9997b8ce-f9ed-19b2-c67c-9e0ae75862a7,7311da01-7188-2ca4-c620-1af6b1bcaee3,134435003,Routine antenatal care,,
7ecf48b8-07e4-81f7-c98f-0962a48bd405,2024-02-02,,1430c5ce-aacb-45c3-6ffe-ff517a569541,bda29e9e-b528-7b4b-ecea-7715d94ba664,698360004,Diabetes self management plan,15777000,Prediabetes
9aa67592-6530-3f25-3094-025b48eab9d2,2017-09-25,2018-04-16,0d03cc3c-5fc3-79bf-1e7c-982cff303066,272d404e-52f5-6c8c-23dc-86068fcac778,53950000,Respiratory therapy,,
b5773d35-0213-1e87-562a-19185cf2bf8f,2021-01-05,2021-01-16,0d03cc3c-5fc3-79bf-1e7c-982cff303066,7f57d3cb-629d-e500-16a8-7a8a13b9e42f,736376001,Infectious disease care plan (record artifact),,
ab51a72b-ac63-0a22-ca46-03fef507401b,2011-09-29,,ca424f09-df70-f4a9-986f-8e11f4dd838b,4fb00b17-3d9d-b11e-d726-f44466045b27,443402002,Lifestyle education regarding hypertension,59621000,Essential hypertension (disorder)
b792f229-0e24-bd7e-65cf-52f87e76d2c9,2011-09-29,,ca424f09-df70-f4a9-986f-8e11f4dd838b,4fb00b17-3d9d-b11e-d726-f44466045b27,698360004,Diabetes self management plan,15777000,Prediabetes
a8e14970-ab1d-0273-9cc2-569e43d76360,2014-03-13,,ca424f09-df70-f4a9-986f-8e11f4dd838b,19e0287b-8fa6-5786-f213-f66f321c6c25,276239002,Therapy (regime/therapy),,
f002742f-9b3f-045a-194f-2c46f6ad87e8,2016-01-29,2016-04-14,4bfd1cb9-8984-249c-c37f-2353c74f66a6,cf1463d0-743e-3502-1845-a3681adb48cf,773513001,Physiotherapy care plan (record artifact),,
5bb3964f-2257-9cd6-8a73-d1bac7d3bf13,2017-01-15,2017-02-07,ca424f09-df70-f4a9-986f-8e11f4dd838b,6b5c179b-37cd-d421-3e00-d70ccd43dcc5,408869004,Musculoskeletal care,,
b5854abb-dc99-0c04-94a0-977da8584924,2017-09-18,,ca424f09-df70-f4a9-986f-8e11f4dd838b,eb2f261d-7373-a8b8-3dc6-7402258d9f32,408869004,Musculoskeletal care,239872002,Osteoarthritis of hip
de7f3574-3eb3-191b-ca1d-82059cbd922f,2016-04-09,2016-11-19,0255e447-8975-9a0a-965f-75266aaa37f1,fa3d2ef5-4c2a-b29d-606b-cc5059611c93,134435003,Routine antenatal care,,
c5ddbaa4-9da8-2fb0-6b53-ffb0cb4e7026,2019-07-03,2019-11-14,ca424f09-df70-f4a9-986f-8e11f4dd838b,feba54ee-f0cb-e00b-ccdb-c4d1b22a3e9a,53950000,Respiratory therapy,,
02fd0573-0dd5-25e6-c509-4e2b8beb7da4,2025-03-18,2025-05-24,4bfd1cb9-8984-249c-c37f-2353c74f66a6,49613849-5f5c-ccc3-43a8-bfd613072b33,773513001,Physiotherapy care plan (record artifact),,
366f1248-11dc-78fa-4d28-2a721df83b6e,2019-08-10,2020-03-21,0255e447-8975-9a0a-965f-75266aaa37f1,9e4a6193-60db-39b7-3f17-f62dd275ee8a,134435003,Routine antenatal care,,
ec62c8db-00e2-a9bd-83e1-3bef208041cf,2019-09-13,2019-09-21,0255e447-8975-9a0a-965f-75266aaa37f1,2d4f6350-e21c-dc47-9e78-f7a679212fb9,53950000,Respiratory therapy,,
03e55fc5-ff77-4e57-5262-c07befe18370,2025-10-28,2025-11-23,ca424f09-df70-f4a9-986f-8e11f4dd838b,08b39f5d-4ea2-7643-de09-23ca1ded789d,225358003,Wound care,284549007,Laceration of hand
b51589a7-f7af-8c98-f387-229a11dda3bc,2024-09-25,2025-06-21,0255e447-8975-9a0a-965f-75266aaa37f1,1f497c60-4210-d94b-331b-9461ed420bae,53950000,Respiratory therapy,,
a74da0de-6920-7c66-f598-b5cb23224e1e,1982-02-07,,03289eed-0508-c96b-e70a-5a16a5e89249,8c944289-1703-7f72-c053-4efe30348427,698360004,Diabetes self management plan,15777000,Prediabetes
e98d0bce-b562-a6bd-caf4-d63f45a1d590,1983-08-12,1983-09-14,03289eed-0508-c96b-e70a-5a16a5e89249,69d4d772-4e8f-2693-6179-687a6ddacfe5,773513001,Physiotherapy care plan (record artifact),70704007,Sprain of wrist
afdd4e4f-2981-3d91-3b7a-c751041028e6,2025-11-29,,0255e447-8975-9a0a-965f-75266aaa37f1,d76fbe78-7696-e5a6-bf6d-deddd4e99074,134435003,Routine antenatal care,,
a94529ba-1ee5-77e8-a85e-ae584c6cef64,1981-05-21,,6099312c-bb96-dbc6-c51c-00ca66e0273a,ea3a1a4f-270d-c380-c874-0850f288d273,384758001,Self-care interventions (procedure),,
876ad656-f4e8-95bc-cd40-6b040823adaf,2007-07-22,,6099312c-bb96-dbc6-c51c-00ca66e0273a,b79d8148-5ff8-cd1a-a4bd-7f14250f9a18,698360004,Diabetes self management plan,44054006,Diabetes mellitus type 2 (disorder)
cac2000f-44c9-fae3-7a9f-c67a8fe361f0,2014-03-15,,6099312c-bb96-dbc6-c51c-00ca66e0273a,a4efbb6d-2e69-b278-9f04-fd31b322e05d,276239002,Therapy (regime/therapy),,
59883deb-ac91-7b7f-02d9-28ea36d288d7,2016-07-31,2016-08-22,ca286431-e75a-ccdb-f1bf-b3d1bf3e6ef1,d2abccdd-1395-08d6-d6b6-4688cc0114fa,225358003,Wound care,284549007,Laceration of hand
00d4eeee-761b-cc6c-0be7-12cb391b7bf2,2020-04-26,2020-11-29,ca286431-e75a-ccdb-f1bf-b3d1bf3e6ef1,6f5b0f4d-6878-7cac-92d3-d7e3fd3ee301,134435003,Routine antenatal care,,
455b1f5e-5e00-ae41-276f-f4d545d8084a,2025-05-04,,ca286431-e75a-ccdb-f1bf-b3d1bf3e6ef1,038d9fa0-aeec-49cd-4018-859acd9cffec,443402002,Lifestyle education regarding hypertension,59621000,Essential hypertension (disorder)
6e0b89cf-1645-b536-c92d-1020f8b8ea87,1967-11-16,,6a638349-4d85-7671-110b-41c3347b1d97,fdfd84d0-25fc-294d-87e1-63bd41ab1567,384758001,Self-care interventions (procedure),,
0154adad-aeb8-5717-2d5f-db5be725333d,1969-07-08,,6a638349-4d85-7671-110b-41c3347b1d97,8475214f-59da-2137-f21a-b1999d188131,699728000,Asthma self management,233678006,Childhood asthma
5d4a9362-158f-6b09-0d20-9e97d94317d2,2009-01-14,,6a638349-4d85-7671-110b-41c3347b1d97,5fae5574-481e-8096-e7ec-51982dd92f9b,698360004,Diabetes self management plan,15777000,Prediabetes
f11a8bcb-0963-cb42-6adb-0ae976258e49,2010-02-24,,6a638349-4d85-7671-110b-41c3347b1d97,b22d4846-1f3c-5da2-da1f-4f178ecd8dfb,443402002,Lifestyle education regarding hypertension,59621000,Essential hypertension (disorder)
d3842dd7-c0c9-5a75-9aef-fde7e6877fc6,2017-09-24,2018-04-11,6a638349-4d85-7671-110b-41c3347b1d97,06f6a247-2f6a-a31f-8c92-56371a17754f,53950000,Respiratory therapy,,
d661b719-5865-ee98-1dbc-74987ef15a41,1980-03-19,,2a76c0e3-1e73-2109-3d5e-8a8871fe35d7,51420f3c-f87e-cc43-8c8c-13ed6e491458,698360004,Diabetes self management plan,15777000,Prediabetes
83a776e4-bb3f-d4ac-d18c-e4e72b9aaf16,1986-04-02,,2a76c0e3-1e73-2109-3d5e-8a8871fe35d7,80d33944-3c0b-fc13-d01b-8abf83f95752,443402002,Lifestyle education regarding hypertension,59621000,Essential hypertension (disorder)
cdf4aeed-6102-7d06-83d3-02af1a6f9559,1998-01-30,,2a76c0e3-1e73-2109-3d5e-8a8871fe35d7,4b252652-5c4e-cc59-9b55-d5a79c430394,734163000,Care plan (record artifact),78275009,Obstructive sleep apnea syndrome (disorder)
a1ab4265-8c15-dbe5-41c9-b7f39419897d,2020-12-06,2021-01-27,2a76c0e3-1e73-2109-3d5e-8a8871fe35d7,7c844dd0-9e89-9f58-85be-342a00ca9857,47387005,Head injury rehabilitation,62564004,Concussion with loss of consciousness
02d33ea2-d396-0c98-7335-b8499fe17017,2021-02-12,2021-02-26,2a76c0e3-1e73-2109-3d5e-8a8871fe35d7,730c40b1-c282-d3e1-dbd6-50cb1a080fce,736376001,Infectious disease care plan (record artifact),,
22300ba4-c77a-66b9-e824-71abb9f2b368,2021-07-21,2021-12-02,ed95baea-6b99-fbd8-5dde-6b6402221cfb,02b80be7-453b-bd29-7582-5dde4cfb1f1f,53950000,Respiratory therapy,,
aac3181d-2c21-d2ab-8ae3-167f7137cab1,2024-08-20,2024-08-30,ed95baea-6b99-fbd8-5dde-6b6402221cfb,deaff4d2-cba4-b886-68fb-50798873b879,53950000,Respiratory therapy,,
641174da-f14a-3fd3-24e8-58921e0c27bc,2016-12-01,2017-11-01,e1023705-8bfa-838d-05e3-2616cc2ad182,0a6151a3-888a-3950-c58d-17ab4ff4e302,53950000,Respiratory therapy,,
6e0265df-33ce-f7d2-91bc-3168fdff1e2a,2022-10-05,2023-05-03,e1023705-8bfa-838d-05e3-2616cc2ad182,ae35eaa8-8bd8-ed76-d58d-69e5d9ef80fa,134435003,Routine antenatal care,,
6650621c-4936-aff3-d3b6-6d4274d12c6b,2023-09-20,2024-04-24,e1023705-8bfa-838d-05e3-2616cc2ad182,5b84274c-312a-8803-4b77-679b56ba4492,134435003,Routine antenatal care,,
50a67960-e05d-8bbc-22f3-5ec0f773098a,2025-08-25,2025-09-08,e1023705-8bfa-838d-05e3-2616cc2ad182,b98951e0-5c5f-9073-9c91-2a3c364c5b8a,737471002,Minor surgery care management (procedure),,
14d4a581-6e46-111f-e055-785bb754c04d,2025-09-21,,e1023705-8bfa-838d-05e3-2616cc2ad182,63bd46e5-a508-44de-0a2b-7c5d771cec42,53950000,Respiratory therapy,,
58687018-17a7-06cf-2a02-86c136a09696,2021-03-15,2021-03-15,3a46995f-0d6d-db33-42b9-1582414dffef,c428b5d8-596f-d0c5-4b90-9f1b7c93b57d,736376001,Infectious disease care plan (record artifact),,
e68cd476-7dde-40ee-c9f0-b4882e5feb51,2021-03-15,2021-04-20,3a46995f-0d6d-db33-42b9-1582414dffef,c428b5d8-596f-d0c5-4b90-9f1b7c93b57d,736376001,Infectious disease care plan (record artifact),,
3cdc55dd-39e3-68de-8585-ef92c5861e1b,1985-09-29,,12328950-1a9d-3de8-714c-b4c5b29a3749,c5a6f468-a5dc-9820-f0f0-e26e13a5875f,718361005,Weight management program,,
0ec18a77-fcb8-db02-bb90-3d52c75a3202,2019-10-13,,12328950-1a9d-3de8-714c-b4c5b29a3749,addee1b9-16eb-f78f-f071-8914852e6eeb,698360004,Diabetes self management plan,15777000,Prediabetes
c05f1d8f-8c47-345f-fd21-44dcbcdfb538,2024-09-19,2024-10-17,12328950-1a9d-3de8-714c-b4c5b29a3749,b6d7fdf8-b27a-8854-7bae-5cf980222cf7,225358003,Wound care,283385000,Laceration of thigh
dc9f24f6-f4f9-8d36-4aa6-6656407a01d0,2017-06-24,2017-07-12,99249ff1-59a9-dc6e-c152-4ca393cd57c5,fea71717-8b7a-b53d-bf5f-7e73ae43fd68,225358003,Wound care,284549007,Laceration of hand
4d042629-6531-d67b-0f81-4b6b7489ac16,2025-10-26,,12328950-1a9d-3de8-714c-b4c5b29a3749,c95087bf-6342-9157-def3-d0878a1d1225,443402002,Lifestyle education regarding hypertension,59621000,Essential hypertension (disorder)
3b39b035-6dfb-37b5-8bb8-c9c01213f8df,2019-07-10,2020-02-12,99249ff1-59a9-dc6e-c152-4ca393cd57c5,e61eb03c-f6bc-248f-51ec-fc43fa996298,134435003,Routine antenatal care,,
9ba97bb2-e5e1-1ff0-c787-f7a66381bbd0,2021-06-23,2022-02-09,99249ff1-59a9-dc6e-c152-4ca393cd57c5,bb7aae46-2428-0751-0f50-c307f1ec148b,134435003,Routine antenatal care,,
fd23d32e-e2d6-4acc-a8e1-00525b4eeafe,2023-11-22,2024-07-03,99249ff1-59a9-dc6e-c152-4ca393cd57c5,e4b53dc6-1dfc-3588-4127-1e362352b521,134435003,Routine antenatal care,,
a0e77700-9f27-4b23-1f6f-d2bc73fcdeaf,2025-08-06,,99249ff1-59a9-dc6e-c152-4ca393cd57c5,9ece3309-bc00-8d18-ff62-adec3430a361,53950000,Respiratory therapy,,
b520eaf3-5f28-45f7-73ba-60b7ad1a75e9,1975-10-05,,8d091ce8-ac29-a58d-a09a-50cf5aff34b6,8fa29010-bde3-000f-cbc0-b022cb6375ea,384758001,Self-care interventions (procedure),,
2e7d1880-2533-4bd4-2933-f5a911475f71,2016-01-31,2016-03-29,8d091ce8-ac29-a58d-a09a-50cf5aff34b6,dd25dcf1-97c3-37cf-f7fa-87ecd29ac034,133901003,Burn care,403191005,Second degree burn
8eebe05e-d848-2907-dbea-5d9c1073582d,2025-11-10,2025-12-27,8d091ce8-ac29-a58d-a09a-50cf5aff34b6,8dea744f-2435-e96b-0859-aefc741936ce,408869004,Musculoskeletal care,,
556f63ac-67c3-cb99-71ac-34fcb772bf44,2018-12-24,,aff5855f-d411-2f08-57b6-025559937742,9c5b95d0-d053-ad53-a8ae-00cf5e6537e7,384758001,Self-care interventions (procedure),,
67a616fc-344c-8e0f-3328-1f6b416d58b4,2020-10-25,,aff5855f-d411-2f08-57b6-025559937742,85f6e55e-e50d-a8e7-6ef4-84ca8914efa6,699728000,Asthma self management,233678006,Childhood asthma
97d16038-c8b3-71b6-2f42-e8b1235d60c9,2020-11-29,2021-03-21,aff5855f-d411-2f08-57b6-025559937742,b5e9829c-074a-79b2-9a05-d1c4887677c7,53950000,Respiratory therapy,,
a9f99762-359c-755a-d350-a41d88091cd0,2020-12-06,2020-12-06,aff5855f-d411-2f08-57b6-025559937742,39639151-d80f-b37d-c136-539e39923d16,736376001,Infectious disease care plan (record artifact),,
aef5d89f-ad36-45b0-a15c-8ab73129369b,2020-12-06,2021-01-11,aff5855f-d411-2f08-57b6-025559937742,39639151-d80f-b37d-c136-539e39923d16,736376001,Infectious disease care plan (record artifact),,
222cb8e9-0b3d-ec6e-67fc-62bf59721c24,2007-12-16,,5b487563-d72d-1d1e-8964-fec6508febbd,45571324-dcda-136f-a49e-c5efbc93e0b3,443402002,Lifestyle education regarding hypertension,59621000,Essential hypertension (disorder)
23a56a2d-468b-80e3-83e9-5ba9534e2a06,2023-04-23,2024-03-31,aff5855f-d411-2f08-57b6-025559937742,be341160-9f78-71d1-1826-e15d63864adf,53950000,Respiratory therapy,,
e3a12398-6b77-2936-5866-0e9f5142ae22,2024-04-21,2024-06-23,aff5855f-d411-2f08-57b6-025559937742,d572683c-04b1-2eed-6f0f-a1d658697fb5,385691007,Fracture care,16114001,Fracture of ankle
734a3808-e8fa-acdf-ed4e-93de7ef3d677,2024-12-28,2025-01-10,aff5855f-d411-2f08-57b6-025559937742,8b0cbff9-52eb-26c1-95fe-0058d68885bd,53950000,Respiratory therapy,,
f0374973-2717-750d-a376-ed1f0770916a,2015-01-25,,5b487563-d72d-1d1e-8964-fec6508febbd,70660aa6-3961-6152-93f6-9ff17e916a74,698360004,Diabetes self management plan,15777000,Prediabetes
b7320e04-4acb-95bd-b9cb-1098552d890d,2015-02-15,,5b487563-d72d-1d1e-8964-fec6508febbd,3d7db845-864c-5625-1930-aa54417c92ba,736285004,Hyperlipidemia clinical management plan,55822004,Hyperlipidemia
85f59abd-2445-2191-f677-3ac0966aa807,2018-01-09,,da1f951e-ede3-bd47-4bf9-5838f5dbbb18,da35fd9f-34ac-6c41-4714-48ef2a45bfd6,698360004,Diabetes self management plan,15777000,Prediabetes
164f21fc-ff75-1793-8459-dc550ef73558,2018-04-27,,da1f951e-ede3-bd47-4bf9-5838f5dbbb18,99f53470-d3ce-b31e-2f71-f885039bd334,408869004,Musculoskeletal care,,
05eb4ddc-4e96-a8ab-07e8-750b54c7f954,2018-08-07,2019-01-15,da1f951e-ede3-bd47-4bf9-5838f5dbbb18,281bb981-6dc5-fc77-8fc5-7de269330a78,53950000,Respiratory therapy,,
4ee9a150-c77f-2fe7-364a-944ff8be71fe,2019-09-10,2020-01-21,da1f951e-ede3-bd47-4bf9-5838f5dbbb18,b30f0406-7147-7525-cde2-c38be97ff2e6,53950000,Respiratory therapy,,
dd09099f-3e6f-d0eb-a1c6-29ffb7843204,2019-09-24,2020-01-04,da1f951e-ede3-bd47-4bf9-5838f5dbbb18,17841a79-1a07-a9bd-1410-5b4d2717a4de,385691007,Fracture care,16114001,Fracture of ankle
63075af8-fb21-9c36-a73c-1fafd9f3cad5,2006-11-23,,37da4ac9-e443-4af2-504f-1b791eaad28c,7298bacb-a081-8cf1-1f1d-855cb05de20c,384758001,Self-care interventions (procedure),,
6f0146ab-92be-12d4-523b-b95595c0a41f,2018-11-17,2018-12-12,37da4ac9-e443-4af2-504f-1b791eaad28c,963cd247-3c07-411e-2792-8bd38d7e9190,225358003,Wound care,284549007,Laceration of hand
7db8ca0e-889b-a856-5ff6-53b93879f8d5,2020-02-08,2020-09-12,37da4ac9-e443-4af2-504f-1b791eaad28c,5d8fc142-3e95-78d0-e9a1-158b2532b8e1,134435003,Routine antenatal care,,
7b43baba-68d4-c78d-a474-4160529243c0,2026-01-10,,37da4ac9-e443-4af2-504f-1b791eaad28c,3155656e-69a1-fec7-dc86-725cbf0be73c,134435003,Routine antenatal care,,
73634a16-3115-5174-b33a-2eb30ed35df7,2020-06-23,2020-06-23,8993a93d-d0a9-1d95-769e-c441747964e2,7d2c2303-17d2-655b-be1b-3f3e74314d9c,736376001,Infectious disease care plan (record artifact),,
34fcde3d-f078-89af-5731-b1108b08bdb4,2020-06-23,2020-07-19,8993a93d-d0a9-1d95-769e-c441747964e2,7d2c2303-17d2-655b-be1b-3f3e74314d9c,736376001,Infectious disease care plan (record artifact),,
2c4e93a8-3abc-6394-f6a3-77e0fe499b16,1994-02-20,,3cc03648-5f23-b3c5-0878-d4df952df9ed,bfb68851-7a1f-44bd-28b0-fa4586c9779f,698360004,Diabetes self management plan,15777000,Prediabetes
2571ec2e-80ad-2c8b-03de-a5b9f3b7c662,1996-12-08,,3cc03648-5f23-b3c5-0878-d4df952df9ed,129d3779-9173-95e6-2cf9-4224ba33a9b3,443402002,Lifestyle education regarding hypertension,59621000,Essential hypertension (disorder)
891f2c67-a3aa-0318-3570-33ab73ad01a5,1954-11-09,,3b267b74-9efd-03ac-135b-402deff305ed,7306df22-ab5d-7ddd-0441-c54100225a56,384758001,Self-care interventions (procedure),,
983c30e2-aa8f-cb61-1114-ed4fcfc97fc2,2025-06-14,2025-07-31,3cc03648-5f23-b3c5-0878-d4df952df9ed,5588e639-465f-4397-d99c-148700d8f4c2,408869004,Musculoskeletal care,,
eae47174-b60c-0772-d27c-b77f4940d2bd,2016-07-17,2016-08-01,3b267b74-9efd-03ac-135b-402deff305ed,45813be1-901d-a682-aeba-b44df46de74b,225358003,Wound care,283385000,Laceration of thigh
4a4810fd-1077-6c47-0707-803b88181124,2017-06-09,2017-09-27,3b267b74-9efd-03ac-135b-402deff305ed,76be2c26-aefb-3d33-9b33-b8bd8eb3fb18,408869004,Musculoskeletal care,,
ac8832cf-a20f-ae61-d96e-b448f1df17ba,2025-08-30,2025-10-05,3b267b74-9efd-03ac-135b-402deff305ed,b5b876da-5bb6-f292-98c8-78f8969e42d7,773513001,Physiotherapy care plan (record artifact),44465007,Sprain of ankle
9ddfadf0-1a95-170a-cdbe-35bb1e65424a,2010-02-04,,53c89079-86ea-04fa-d6c0-cfbb3adc2730,679dd43a-ce81-0a15-30fb-74ba3e8b2e8e,698360004,Diabetes self management plan,15777000,Prediabetes
c4168c37-5c99-a27c-d4cc-a5e5738e1abe,2018-02-10,2018-03-15,53c89079-86ea-04fa-d6c0-cfbb3adc2730,c5dda01b-9551-ec4e-f7bd-0f47ed6601f3,773513001,Physiotherapy care plan (record artifact),44465007,Sprain of ankle
2033cfeb-5cc7-d667-19be-184a719f0f32,2023-09-21,2023-10-02,53c89079-86ea-04fa-d6c0-cfbb3adc2730,cfa8caa9-671c-b157-2a66-72e23e31afb5,53950000,Respiratory therapy,,
db75668d-dec2-1a6a-c8ee-385d4fc4c003,2002-12-19,,1a187a7d-3945-64fc-0d85-05f702c921fd,33e5049b-187b-e91c-8bbc-8de66075cce7,698360004,Diabetes self management plan,15777000,Prediabetes
438d105a-4b32-30be-69b8-66413fa4b78b,2018-10-07,,1a187a7d-3945-64fc-0d85-05f702c921fd,51d3a1e1-4778-409a-273a-1ae62414dd06,734163000,Care plan (record artifact),,
c94123f5-2960-c13e-e833-982fe42f8b45,1988-07-08,,f64ce1fe-1931-6641-1850-2fd3e263becf,2e063981-4dc0-ba73-cadc-a5d388565033,443402002,Lifestyle education regarding hypertension,59621000,Essential hypertension (disorder)
6ff345c0-4b1d-85bf-40ad-a57c094605f4,2009-10-30,,f64ce1fe-1931-6641-1850-2fd3e263becf,adc0e91c-bb81-624a-feb0-69323e252d9c,698360004,Diabetes self management plan,44054006,Diabetes mellitus type 2 (disorder)
c9719dbc-ea88-8a73-ae99-35013eb60891,2014-02-02,2014-03-10,f64ce1fe-1931-6641-1850-2fd3e263becf,a6d93720-4d8b-58b1-9489-b647fb10c6ac,276239002,Therapy (regime/therapy),,
e494a9fd-b004-6c79-420d-3a0f4f0bc3c7,2018-10-07,2018-10-20,6460927d-424b-296d-855f-19388be97347,c097cb06-8b65-3420-d577-e3d80c6a2330,53950000,Respiratory therapy,,
1d1211b3-6444-a0df-8962-78e3d413141f,2014-04-18,,f64ce1fe-1931-6641-1850-2fd3e263becf,9c6e69b5-151a-f93c-81ea-954076c53215,276239002,Therapy (regime/therapy),,
84ca3dfb-fe61-e2c3-5a5a-bbdf7d11ae58,2014-12-29,,f64ce1fe-1931-6641-1850-2fd3e263becf,7416a2d3-4af7-3785-f537-040ea29f54ad,736690008,Dialysis care plan (record artifact),,
124e9d28-e39e-45e0-5f5d-308890799238,1986-12-12,,9f23872b-9e3a-b3d2-1cab-0a3efe3db08b,8387eda5-ab25-c109-8f87-6f3af60da34f,698360004,Diabetes self management plan,15777000,Prediabetes
044e80a3-ab58-c7ae-c6c2-134aac5298bf,1997-11-24,,9f23872b-9e3a-b3d2-1cab-0a3efe3db08b,8fdeffe9-b80a-5f9f-204c-9a7e0a83061d,736372004,Discharge care plan (record artifact),,
9051ce80-a972-5a9f-30e2-03753b251126,2015-10-04,2016-05-08,faa9061d-d7d8-dc62-a403-21ae2582ea52,83ea4a5b-18b5-2ad2-03ea-d319ff9cbcd6,134435003,Routine antenatal care,,
0f914f82-05f0-8599-2b78-3f9be4eaaa7b,2025-06-06,,9f23872b-9e3a-b3d2-1cab-0a3efe3db08b,22dc8da5-19f1-91d7-15de-1de84dfc0e2f,386257007,Dementia management,26929004,Alzheimer's disease (disorder)
d1ccf917-440e-5f9a-8028-fbd23b9106a4,2017-07-08,2017-07-24,faa9061d-d7d8-dc62-a403-21ae2582ea52,aad11e61-4f94-0a82-702c-f62236b25c97,737471002,Minor surgery care management (procedure),,
e18a42f4-3d87-8375-1c69-9d534be1485a,2011-12-01,,26827a07-38b2-0b35-461d-eeba026ffdac,453c9087-c1f9-3921-457a-360b61951305,443402002,Lifestyle education regarding hypertension,59621000,Essential hypertension (disorder)
9fb5a650-a49a-bebe-4ecd-b42b8a9e4ffe,2013-08-23,2016-07-16,c3ef52d7-38ff-0793-9df2-8898983457ca,a45e97db-0fed-d0d0-ef2f-10ebdbbc9735,53950000,Respiratory therapy,,
07772acd-38a9-aadc-a9cd-d86e6283a2b9,2017-12-09,2019-06-21,59919746-ac2b-39c7-c49a-77834553de92,992adcd0-fc9f-5545-b149-b632077a343a,53950000,Respiratory therapy,,
b2b21604-d0ea-7cea-11b7-fe2c0f6e4cb4,2025-07-04,,59919746-ac2b-39c7-c49a-77834553de92,f3c01d46-34d5-9330-7fb9-98cfeb41b163,443402002,Lifestyle education regarding hypertension,59621000,Essential hypertension (disorder)
16ebec94-bead-4eff-4342-a54b1fd1a8dd,2018-01-05,,f64ce1fe-1931-6641-1850-2fd3e263becf,7d0120c8-527c-d55c-c085-6c0926a32ca9,736285004,Hyperlipidemia clinical management plan,55822004,Hyperlipidemia
11152698-5c53-e02b-9a5d-949f98a54c64,1987-12-28,,ff7afb45-4baf-dd51-c412-d32be71f1be6,e7c5068a-099b-b590-7dae-3f6e9293af90,443402002,Lifestyle education regarding hypertension,59621000,Essential hypertension (disorder)
e888a05d-b13c-2603-0480-b0d99bab0514,1994-08-08,,ff7afb45-4baf-dd51-c412-d32be71f1be6,09f808e9-a89e-b7d6-e071-c04ac234f909,384758001,Self-care interventions (procedure),,
0b359ee6-6ef7-7005-7d0a-8bfa4cc56528,2024-06-06,2024-06-15,26827a07-38b2-0b35-461d-eeba026ffdac,b2e77cb7-45f2-7b04-bcd6-cce2f15e6bdf,53950000,Respiratory therapy,,
6390eea4-9901-5999-4762-3b47152aa8c9,1979-01-14,,1781fe3c-cd99-d670-024a-dd75135796f3,d48c31fe-5418-1983-a2ce-d66dc70abc03,718361005,Weight management program,,
3014cd03-fa96-38aa-bf06-187d66901c0f,1981-01-25,,1781fe3c-cd99-d670-024a-dd75135796f3,2951c52e-92e8-9c1a-877e-15e29bfe43e4,698360004,Diabetes self management plan,15777000,Prediabetes
f25ee92f-fc3c-378d-b078-7ea5b428c6cf,1999-01-06,,1781fe3c-cd99-d670-024a-dd75135796f3,a9ac589b-ae95-60c2-6fde-ee180b257632,408869004,Musculoskeletal care,201834006,Localized  primary osteoarthritis of the hand
7e82c448-2d34-0913-3d43-cece91be72ce,2001-11-26,,1781fe3c-cd99-d670-024a-dd75135796f3,6e793af9-8adb-0610-14a9-cbc1bbefa9e2,443402002,Lifestyle education regarding hypertension,59621000,Essential hypertension (disorder)
68882928-e6db-c808-3d2c-bd2fc8fd044e,2008-01-27,,1781fe3c-cd99-d670-024a-dd75135796f3,30a39ae7-c394-d484-efa5-65fcdd417c84,736285004,Hyperlipidemia clinical management plan,55822004,Hyperlipidemia
c17624e6-cbf9-4420-7531-ec08dedb6090,2018-02-11,2018-07-17,36911525-cfcd-2da7-430f-d06c5c64a092,f376e39c-a752-e70d-7d42-e6fdf7009593,53950000,Respiratory therapy,,
67b59e6f-f638-3a65-1d0b-fd7fca4c9561,2019-03-12,2019-10-15,36911525-cfcd-2da7-430f-d06c5c64a092,3c23e4e9-a35d-7531-57f7-0f57b9267d23,134435003,Routine antenatal care,,
8cf030be-3604-a0d2-ce38-53c273516ed5,2020-06-25,2020-06-25,36911525-cfcd-2da7-430f-d06c5c64a092,041ff4c5-828a-5664-108c-ec681a8d9924,736376001,Infectious disease care plan (record artifact),,
5a22ac14-da96-692b-f370-e3e0766a837c,2020-06-25,2020-07-13,36911525-cfcd-2da7-430f-d06c5c64a092,041ff4c5-828a-5664-108c-ec681a8d9924,736376001,Infectious disease care plan (record artifact),,
37893079-57c3-02eb-0923-97429ad92427,2018-10-26,2020-10-16,9149068a-3e2c-cafb-2afd-0d696db30ab4,947a3dfe-16a1-e1e9-d5f9-1e561970bb85,53950000,Respiratory therapy,,
5490da83-9708-a424-dbe4-8a4cd354bb04,2020-07-09,2020-08-22,36911525-cfcd-2da7-430f-d06c5c64a092,e9da04ac-32e3-37eb-d692-1def45e3afe2,276239002,Therapy (regime/therapy),,
15c07eed-780f-d1e4-d56e-71ad5169841a,2019-01-04,2019-02-22,1781fe3c-cd99-d670-024a-dd75135796f3,3788155a-17e8-a5f6-e5ea-c0a3fe265004,47387005,Head injury rehabilitation,110030002,Concussion injury of brain (disorder)
8394249a-ec0c-9e7e-29c5-3b614c8a7de0,2022-08-30,2022-10-02,9149068a-3e2c-cafb-2afd-0d696db30ab4,9f02d0d7-94af-6953-fc8e-92bd43d68da9,773513001,Physiotherapy care plan (record artifact),44465007,Sprain of ankle
538c43a9-0fae-2153-c80d-cdcc634068d9,2024-08-06,,36911525-cfcd-2da7-430f-d06c5c64a092,7f2cf3f6-56d9-af99-6c27-9c835c290286,698360004,Diabetes self management plan,15777000,Prediabetes
e0d4e0a2-eceb-e056-7d99-be2c59b5dcb0,2020-11-12,2020-11-25,1781fe3c-cd99-d670-024a-dd75135796f3,971c655c-c8ad-7a82-b3c1-b28d2b35d1d5,736376001,Infectious disease care plan (record artifact),,
7f8628e2-c2cc-b707-3904-1948afb25e7c,2019-04-26,,f64ce1fe-1931-6641-1850-2fd3e263becf,f0bc4945-0f16-d975-92ee-743190f5022a,734163000,Care plan (record artifact),,
93634647-c0fa-80ac-9e59-9fe1f0273f97,1962-04-21,,73fec505-96f7-a834-8c8e-fa206fc00df4,2a947fdd-dccf-5cfe-8aa8-136fbe1353e9,384758001,Self-care interventions (procedure),,
1ea5af14-96d6-5bfc-f576-11faa72cdd2e,1963-02-14,,73fec505-96f7-a834-8c8e-fa206fc00df4,c8bad826-e60c-de20-fee9-1f3d3cbfb188,699728000,Asthma self management,233678006,Childhood asthma
06982f42-307d-1199-c8da-5ae338c47d8b,1983-03-13,,73fec505-96f7-a834-8c8e-fa206fc00df4,9d0d9bec-a4b5-af38-7b88-cd333dbe226a,443402002,Lifestyle education regarding hypertension,59621000,Essential hypertension (disorder)
1267f3a3-1a62-b860-75c7-239b79de4d38,2001-11-05,,73fec505-96f7-a834-8c8e-fa206fc00df4,31129a53-eb4d-2591-2ede-5b0c575cf89f,408869004,Musculoskeletal care,239873007,Osteoarthritis of knee
3f649602-cbbd-d1c9-ebd8-709acbfecf0b,2012-08-26,,73fec505-96f7-a834-8c8e-fa206fc00df4,d42df6cf-e0ec-4fc9-8b72-4bad2ef8e519,698360004,Diabetes self management plan,15777000,Prediabetes
f0d87243-322e-ee72-052f-99e82e22a93e,2017-10-22,2018-09-30,73fec505-96f7-a834-8c8e-fa206fc00df4,6eec4337-cf80-39d4-c249-ec209ecc959f,53950000,Respiratory therapy,,
bd8af947-7673-69df-c639-524ca60b8990,1996-10-11,,d6802e7c-3183-a5b9-ff98-dfd96373e44b,96fb7434-1509-0d89-719b-d059df361e57,443402002,Lifestyle education regarding hypertension,59621000,Essential hypertension (disorder)
4fa51c36-8280-47c2-a669-6d6e6e5b9756,1999-11-05,,d6802e7c-3183-a5b9-ff98-dfd96373e44b,57746e6d-c373-916b-4492-39ed019d59f7,384758001,Self-care interventions (procedure),,
f7d988a2-6459-c922-3829-ca5451f181ce,2014-01-17,,d6802e7c-3183-a5b9-ff98-dfd96373e44b,6da1d563-2db8-b5a9-91e1-f9d91798a419,698360004,Diabetes self management plan,15777000,Prediabetes
