Id,ORGANIZATION,NAME,GENDER,SPECIALITY,ADDRESS,CITY,STATE,ZIP,LAT,LON,ENCOUNTERS,PROCEDURES
a6f06a37-1304-366d-a040-2c5d82077909,74ab949d-17ac-3309-83a0-13b4405c66aa,Ted955 Reilly981,M,GENERAL PRACTICE,881 Main Street,Fitchburg,MA,01420,42.586487,-71.80521,975,0
46fc82ae-610f-3f5b-9ffb-fd1fd6251ad0,17a4bae5-8b64-34d7-8144-b428be027bd0,Olympia319 Ward668,F,GENERAL PRACTICE,512 MAIN STREET  SUITE 211,SHREWSBURY,MA,015456406,42.295109499999995,-71.71808471110307,6,0
77b066ab-58f8-38a5-8e9a-1fbc077eca0f,4112b8b1-59df-3255-a7ca-f42ee0a4cb2e,Nereida276 Feeney44,F,GENERAL PRACTICE,37 ROUTE 6A,SANDWICH,MA,025631801,41.766329400000004,-70.5147600346998,3,0
933cb45c-86d9-3c50-a820-6778e21eb404,c241b977-4131-32e4-9957-e0a00b2a1e5f,Brittanie254 Krajcik437,F,GENERAL PRACTICE,94 MAIN STREET,HYANNIS,MA,026013146,41.6562802,-70.27448000204822,101,0
989665da-678d-3cb9-83b4-6ce371f53e3a,ef5390b4-cba5-3d83-96db-af783a7adb43,Evan94 Anderson154,F,GENERAL PRACTICE,360 MERRIMACK ST,MALDEN,MA,021482329,42.4250964,-71.066163,1,0
91a879ad-a166-3079-aea2-6cb487763e46,77645e49-3f69-3d1d-bb93-dc65210e2fac,Jarvis643 Ankunding277,M,GENERAL PRACTICE,363 HIGHLAND AVE,FALL RIVER,MA,027205246,41.7093779,-71.1460783680883,85,0
e5b40b03-9013-38a1-823b-a066fb483889,ab701a70-a658-340e-8f69-ee196a7d40c6,Jolie499 Parisian75,F,GENERAL PRACTICE,484 RTE 134,WORCESTER,MA,016071728,42.2625621,-71.8018877,3,0
f3efc93e-cc03-37a3-8621-05c6ba0308cb,11ba6a26-59b4-3728-a268-6dc9929962b4,Archie818 McCullough561,M,GENERAL PRACTICE,200 GOVERNORS AVENUE,MEDFORD,MA,021551644,42.42711615,-71.1121606632448,3,0
36d95b84-6f37-38f0-90cf-cfc0cb793b9e,4cf79e95-2815-3a4c-a3b8-951fe548dd27,Jasper743 Champlin946,M,GENERAL PRACTICE,20 ELM ST,PITTSFIELD,MA,012016502,42.4458896,-73.2448206979669,42,0
38f92032-267a-39e7-b623-175994d75a01,52ecddd8-42f6-35cc-88a5-cf474c02fb49,Cecil300 Fahey393,M,GENERAL PRACTICE,94 OBERY STREET,PLYMOUTH,MA,023602130,41.93725,-70.65503160208334,44,0
8f0a109d-5ced-351a-a515-abe450dc875b,1311c44a-85cb-3aea-a143-e5d7892ced8b,Claudio955 Borrego496,M,GENERAL PRACTICE,300 KENSINGTON AVE,SPRINGFIELD,MA,011071139,42.091896,-72.559437,68,0
de67e2ec-9cac-3f2d-9fa3-e265e2550842,817a1428-2045-3e89-9fa2-ef7d287d6fa5,Gracia333 Schuster709,F,GENERAL PRACTICE,70-71 N PARISH RD,LAWRENCE,MA,01843,42.690315,-71.150015,55,0
fdee8baa-6c4f-3593-8cce-27a6bad6d2b2,4846e68f-845b-38e6-aa40-48196bf9ff0e,Carylon722 Corwin846,F,GENERAL PRACTICE,130 COLRAIN RD,GREENFIELD,MA,013019625,42.59140995,-72.62336230812821,1,0
28e49a3c-052a-3c81-9848-bebedacebe61,667b46fe-0afa-3f70-a311-bbe3d52db050,Maricarmen445 Caballero789,F,GENERAL PRACTICE,757 BOSTON POST RD,WORCESTER,MA,016071728,42.231371,-72.165386,2,0
89589b71-206e-3fa2-a470-e978ef2fb671,775df862-d2d1-3a68-9814-043f6aa6ea66,Rueben647 Barrows492,M,GENERAL PRACTICE,770 CONVERSE ST,LONGMEADOW,MA,011061719,42.0639853,-72.5521444,1,0
5fbf6213-c6e7-3773-91a5-d4f6100862cd,8447e2c7-df8d-3e1f-9d88-b67dcca2bcb6,Tristan353 Baumbach677,M,GENERAL PRACTICE,22 HILLSIDE AVE,GROTON,MA,014501284,42.61232115,-71.5798529093222,4,0
6df2a15a-31a9-3fb4-a601-ada9dfca5308,7f08f09e-c5f7-38cd-83ba-ddafedd88a13,Shayne60 Pacocha935,M,GENERAL PRACTICE,133 SALEM ST,REVERE,MA,021511114,42.43833805,-71.01730877599738,1,0
26ae9b21-38dd-3169-aa1d-d55fe1250683,8e3ca57f-6f74-3d61-9803-ab1424290216,Concha418 Mann644,F,GENERAL PRACTICE,89 MORTON STREET,ANDOVER,MA,018102036,42.6551409,-71.12857340697036,9,0
5fe06940-deae-339e-8773-dfbab9cbb37e,5fcff9db-16e4-3e56-aa78-abbc16338097,Marcus77 Schamberger479,M,GENERAL PRACTICE,295 VARNUM AVE,WESTFORD,MA,018863513,42.5792583,-71.4378411,246,0
56a158f5-fd1a-3bab-a8c0-40eaee3e0de2,1ddd51d1-7297-3c3b-bad5-98aecd5e4a79,Dinah304 Kub800,F,GENERAL PRACTICE,127 CAMBRIDGE STREET  SUTIE #2B,BURLINGTON,MA,018033735,42.50188325,-71.19559351572005,7,0
8f94d385-10b5-3e69-9bd7-82e564ce1c99,4cb90b5f-734d-322f-a2f2-776824e1ce35,Irvin970 Emard19,M,GENERAL PRACTICE,770 CONVERSE STREET,LONGMEADOW,MA,011061719,42.0639853,-72.5521444,10,0
414ffc4c-e024-3a07-9dc9-689e836fff89,93c3d861-e05d-33b9-91eb-1768470229d7,Garret233 Thiel172,M,GENERAL PRACTICE,10 CENTENNIAL DR,PEABODY,MA,019607938,42.5261827,-70.9529896,72,0
49138ff2-02ff-3a3d-b8ea-fcb27a1ec2a5,2e1eaaf1-ebb0-332c-8921-f48e15b91879,Delmer311 Nolan344,M,GENERAL PRACTICE,2 SEAPORT DRIVE,QUINCY,MA,021711599,42.29287335,-71.03019020136307,9,0
b20b8a5f-8525-3534-801f-7ec8d1493365,8d0f0e66-b1dc-37fd-8b4e-0dcb6b3b446e,Krystal150 Pollich983,F,GENERAL PRACTICE,200 Springs Rd.,Bedford,MA,01730,42.503376,-71.272644,60,0
72fe632c-7bda-35e8-b397-bd5663b862e9,b66db758-a205-3227-9cfb-bf19d2c1962d,Jamal145 Stroman228,M,GENERAL PRACTICE,121 HARVARD AVENUE  2ND FL,ALLSTON,MA,021342702,42.35241825,-71.13220132573996,12,0
43e07448-b0e7-3e24-814e-207dea3b1453,b99b7849-2b53-33fb-8ce2-e3a95f17ae51,Bee658 Pouros728,F,GENERAL PRACTICE,910 BOSTON POST ROAD SUITE 320,MARLBOROUGH,MA,017523761,42.355106,-71.47654,5,0
d5ea8f6c-6092-383f-8108-913c1fac848d,32fcdfba-8c93-30f4-b15b-dd3b65c29deb,Sparkle906 Bernhard322,F,GENERAL PRACTICE,20 NORTH MAPLE STREET,HADLEY,MA,010359715,42.3615107,-72.55261320852942,4,0
47c71a88-1ea2-3148-bebf-9c31e5c000bd,0ddb0329-b59d-3187-874c-602c649249c8,Lynn917 Cassin499,F,GENERAL PRACTICE,115 W SILVER ST,WESTFIELD,MA,010853678,42.1178811,-72.75935246865802,18,0
eb2fc146-cea0-39d4-a7f2-2b09b02ce86c,5fa5e611-be3d-3ebb-8f71-124325f6005f,Rodrigo242 Elizondo706,M,GENERAL PRACTICE,480 ROUTE 6A,EAST SANDWICH,MA,025371438,41.742172,-70.45251,64,0
b2a57b11-d15a-33cc-885e-24358301b919,9fd71acd-3535-353d-975f-ed7dbf5f9961,Denny560 Herzog843,M,GENERAL PRACTICE,250 GREEN ST,GARDNER,MA,01440,42.586896550000006,-71.98672640006858,28,0
dadbc9c5-636f-396f-8011-83c4d2f24983,e93b27a8-6507-3595-84a5-f899ce23a72d,Gertha313 Sanford861,F,GENERAL PRACTICE,70 EAST STREET,NORTH ANDOVER,MA,018456144,42.6839894,-71.1127065,91,0
e2879542-6418-37a9-a601-7b20203fbf18,365eae93-6352-3d48-9a8d-dc9fa4b917be,Lorean637 Kertzmann286,F,GENERAL PRACTICE,32 HOSPITAL HILL RD,GARDNER,MA,014402302,42.572366450000004,-71.97690789055164,1,0
1a868782-1948-3b7a-a886-60d4e0f33018,05137a62-1a8f-34ff-8baf-a0c35c238ea0,Houston994 Olson653,M,GENERAL PRACTICE,750  ATTUCKS LANE,HYANNIS,MA,026011950,41.676027500000004,-70.29727035,8,0
073c66c4-ec51-35ef-9ea6-57c7f793e428,a14e698d-a9ba-3eae-9c8b-682ec726433d,Karla801 Cummerata161,F,GENERAL PRACTICE,776 WESTERN AVE,LYNN,MA,019052408,42.466763,-70.9494939,15,0
88c63063-2da4-374b-a73c-68a91bd9b741,7f26da64-69ab-3db4-b285-c48c9836a653,Frances376 Hansen121,F,GENERAL PRACTICE,500 WENTWORTH AVE,LOWELL,MA,018524937,42.631409,-71.283668,3,0
35db9e8f-a7a1-3d78-8721-26b8b4dcc4f5,5ba6765a-f335-36b0-9c6a-6bb494c5330d,Clemente531 Schamberger479,M,GENERAL PRACTICE,31 OLD ROUTE 7,WESTWOOD,MA,020902333,42.2139873,-71.2244987,1,0
ccdd0975-4909-34e7-a1c1-8b1f1b0194d9,b6eeaaf7-1683-3bcb-b6ee-81ce304636ef,Ariane992 Pagac496,F,GENERAL PRACTICE,170 GOVERNORS AVE,MELROSE,MA,021763225,42.4564323,-71.064182,294,0
ee442502-5d1b-341f-9226-a193a472b101,12dc66ee-e2c7-3d5a-892e-157ff1d47f32,Felix524 Rogahn59,M,GENERAL PRACTICE,242 GREEN ST,WINCHENDON,MA,014751820,42.68061,-72.060691,90,0
f953751e-0add-35f0-aa40-9971386e7abb,65eda534-1bdc-3192-8d02-1c3764447790,Shanell37 Hand679,F,GENERAL PRACTICE,1244 BOYLSTON ST,CHESTNUT HILL,MA,024672115,42.3214927,-71.1711481,69,0
97aecd27-f000-33a6-aa86-b88c7d5b0c7b,ea153d0a-9ccc-3769-9a25-934b417071b7,Tashina114 Towne435,F,GENERAL PRACTICE,463 WORCESTER RD,FRAMINGHAM,MA,017015354,42.3095704,-71.4413097,67,0
2efaf369-3f69-36c9-930c-595cfab1b6f1,d3085315-9893-34c7-8889-3a31dc17c2b0,Ethyl508 Rau926,F,GENERAL PRACTICE,1428 MAIN ST STE 7,WALPOLE,MA,020811729,42.1325911,-71.2618886,78,0
599317b7-719b-389b-b73a-98eb18898f6d,ace1ac31-036a-38fd-b451-b3b87157c717,Alejandra902 Thompson596,F,GENERAL PRACTICE,170 MORTON ST,BOSTON,MA,021303735,42.299067750000006,-71.10124351911541,33,0
b7e6c461-e11c-3d75-8a8f-3f80bc284b90,18061fd5-fda8-3e2d-87f0-0f3c87211bcc,Margarite168 Koepp521,F,GENERAL PRACTICE,1493 CAMBRIDGE ST,SOMERVILLE,MA,021431408,42.3875968,-71.0994968,42,0
3cc6d172-4132-3a4b-8e9c-7286161f7ef9,b3ada130-6443-3a8e-98c7-4ec127a2b0c4,Natalya468 Haley279,F,GENERAL PRACTICE,ONE GREAT ROAD,ACTON,MA,017205601,42.4850931,-71.43284,9,0
87053acb-aec6-352c-ab73-c48f3b3c730a,a36dcb53-a762-38d4-ae84-40f46195a6dd,Rafael239 de Jesús414,M,GENERAL PRACTICE,260 EASTHAMPTON ROAD,HOLYOKE,MA,010401213,42.226424,-72.646798,1,0
3ab6009a-8d32-3a15-ba4b-a2089bc21bf3,811cc811-0061-341c-a719-9ba7ef8dc699,Jerome176 Sporer811,M,GENERAL PRACTICE,245 VINEYARD HAVEN-EDGARTOWN ROAD,EDGARTOWN,MA,025396941,41.395500350000006,-70.5300948008162,18,0
a6e919c7-1bc7-3ac0-9618-8543197b5e0e,7489f6e0-fee6-3fff-90b6-444868eb907c,Kasey569 Rau926,M,GENERAL PRACTICE,1 KIDDIE DRIVE  SUITE 106,AVON,MA,023221182,42.130150349999994,-71.05720685110387,9,0
da9d31d3-c946-3bf8-83f1-0af97251b4b2,ca2937a1-8877-31a2-9d38-561bd300b3e3,Garth972 Mueller846,M,GENERAL PRACTICE,780 ALBANY STREET,BOSTON,MA,021182755,42.333645250000004,-71.07279114401811,11,0
e5e8ce5f-20bd-3a87-9e0e-9e484d3d3b6d,1e11392b-1278-3e70-93cd-f396cbd0c265,Gerry91 Block661,F,GENERAL PRACTICE,115 LINCOLN ST,NATICK,MA,017607700,42.2843753,-71.3441395,133,0
9a2bf3fa-9601-335a-b6e6-a218fa47ddad,fe30f2b4-9bc8-346e-afba-4455d1766545,Georgetta870 Turner526,F,GENERAL PRACTICE,17 LAFAYETTE AVENUE,CHELSEA,MA,021502010,42.40019115,-71.03050082480353,14,0
fc30c894-a88d-327e-b6d0-30b44671a640,6cf8a214-8d57-3267-85e5-7719e15cd63e,Cindie288 Zulauf375,F,GENERAL PRACTICE,170 MORTON STREET,JAMAICA PLAIN,MA,021303735,42.299067750000006,-71.10124351911541,31,0
c97ebf12-5406-347a-b250-9cba52018f4d,13161e5b-02d2-3d19-8b48-26ef0becfc83,Jerónimo599 Rivera179,M,GENERAL PRACTICE,165 CAPTAIN'S ROW,CHELSEA,MA,021504019,42.3917638,-71.0328284,2,0
8339975a-1839-3688-becc-2d98e0e05a7a,4bc0cc09-77e5-37f5-844d-64a6637cae54,Carlena776 Feil794,F,GENERAL PRACTICE,91 EAST MOUNTAIN ROAD,WESTFIELD,MA,010851801,42.110743549999995,-72.70066160206358,138,0
8b26a1bd-bda2-3792-b310-ca4661f2cdac,0fedae9f-701f-3317-9b2f-69aea2202cdc,Willian804 Batz141,M,GENERAL PRACTICE,88 EAST NEWTON STREET,WINTHROP,MA,021522715,42.3750976,-70.982827,478,0
b1bedd9f-f342-34b4-afb5-ce955b25f895,9ab139f5-d278-31b4-b44e-feffdea65613,Shayla126 White193,F,GENERAL PRACTICE,88 ROUTE 6A 101,SANDWICH,MA,025631866,41.764922,-70.502215,25,0
5542561e-1ae5-3e47-948c-48997c35f31a,4b7c1695-a178-3e03-8651-51acfd3b8372,Jesusita936 O'Keefe54,F,GENERAL PRACTICE,600 OLD SOMERSET AVE,NORTH DIGHTON,MA,027641824,41.86399,-71.1244904,51,0
cf4ac32e-ba01-3381-b910-45fff2df67cf,0b5f4cda-f9ae-36a8-a94c-ffbf56f45236,Guadalupe206 Hodkiewicz467,M,GENERAL PRACTICE,210 MARKET ST,NORTH ANDOVER,MA,018451656,42.6839894,-71.1127065,2,0
63eac03d-e888-30b1-ace1-ce30ab93f486,aade280a-3b90-3e48-9648-91109a964a63,Johna806 Klein929,F,GENERAL PRACTICE,909 SUMNER ST,DARTMOUTH,MA,027473826,41.6332267,-70.9879928,830,0
6be0f435-9900-3819-8708-b6904c708bbc,981338c4-287c-3621-bc45-8b0b9f1b8922,Cari853 Kohler843,F,GENERAL PRACTICE,640 BOLTON ST,MARLBOROUGH,MA,017523999,42.3658183,-71.55914630258509,58,0
ad807824-64b3-3965-ac32-ff870afdfe77,7a3b8310-02eb-3c47-aa1b-3f55b3ed9de9,Lauretta754 Dare640,F,GENERAL PRACTICE,6 HATFIELD ST,NORTHAMPTON,MA,010602545,42.333172950000005,-72.6566355591273,1,0
bb8d1f4c-382e-32cc-a819-b1b7fe32de57,0f9d1260-db33-3483-b2b6-5483cfcb739c,Felipe97 Lebsack687,M,GENERAL PRACTICE,361 WOODWARD ST,WABAN,MA,024682027,42.326011949999994,-71.2254251580706,39,0
9cbdb13a-9dc2-3cb0-844a-ed97d13011b9,440fa4b8-c731-3cf5-81d9-aa3f30a37b95,Bennie663 Abbott774,M,GENERAL PRACTICE,41 & 45 MALL ROAD,PEABODY,MA,019602901,42.5278731,-70.9286609,247,0
79948593-0b27-3d9e-8e60-89ea97240b07,0fab3c4e-a028-39a6-b15a-be5a88b6aa2a,Miyoko154 Paucek755,F,GENERAL PRACTICE,222 STATE STREET,LUDLOW,MA,010563437,42.15547415,-72.47222226666076,28,0
b97a4e55-3e66-3590-ac4b-368829f05979,3b021cb6-4745-3d9d-8436-230055f770bd,Dusty207 Franecki195,M,GENERAL PRACTICE,148 CHESTNUT ST,NEEDHAM,MA,024943238,42.27728075,-71.23665362814043,94,0
8f9798fb-521a-31b3-952b-b010b17ee985,aaa7ebaf-b1a0-38c1-ba89-a16712cf431c,Buford910 Halvorson124,M,GENERAL PRACTICE,16 PLEASANT STREET,BRIDGEWATER,MA,023242420,41.98625885,-70.97978204646246,5,0
77a369f9-6fbd-30d4-a9bb-b915def3c44f,ab074997-79db-3114-b6ac-5c21cda8ee3a,Todd315 Abernathy524,M,GENERAL PRACTICE,111 HEADWATERS DR,HARWICH,MA,026451028,41.705945549999996,-70.08904355,1,0
7d71b972-6891-34bc-8e40-544f35fc0bc3,ce53c877-0290-390a-b4b4-2462001a1713,Benito209 Chávez927,M,GENERAL PRACTICE,847 ROGERS STREET  SUITE 201,LOWELL,MA,018524345,42.6275246,-71.27673639687623,16,0
1ff9d523-81e2-3c2c-82a3-bb0448ebaf82,34f0b10a-5e29-31de-a75e-e0bb03c0c0d4,Dierdre747 Leuschke194,F,GENERAL PRACTICE,56 COLPITTS RD,WESTON,MA,024931568,42.36610065,-71.3036759,28,0
77021ca8-a9bc-317a-8d00-1448cd707a41,57e4e5fa-d68d-3caa-a5ad-37beb1b51207,Abdul218 White193,M,GENERAL PRACTICE,800 WASHINGTON ST,NORWOOD,MA,020623487,42.1886973,-71.2005241,35,0
35562671-2efc-364f-96bb-d7b624178388,2befa435-3070-3350-a15c-e43ac1e84b24,Dee580 Schuster709,M,GENERAL PRACTICE,575 BEECH STREET,HOLYOKE,MA,010406604,42.20105435,-72.628169560868,9,0
ada01d1b-08b7-3b71-aa1f-af32285ae351,ad82d624-72eb-3c7d-a76d-79f2668d1390,Mathew182 Howe413,M,GENERAL PRACTICE,3 WOODLAND RD,STONEHAM,MA,021801711,42.452443099999996,-71.08939988105112,31,0
3c9de7e8-04e2-344d-bd9e-6476647490cb,b8421363-9807-3b16-a146-95336eea5cfb,Cleveland582 Kuphal363,M,GENERAL PRACTICE,30 LOCUST ST,NORTHAMPTON,MA,010602052,42.33032115,-72.65330802608176,169,0
1fc0fb4f-0062-3abb-947c-16282fa1e1b9,8424b5ec-ba0a-32e9-94ae-a9d397884093,Booker670 Casper496,M,GENERAL PRACTICE,49 BLANCHARD STREET  SUITE 101,LAWRENCE,MA,018431456,42.69651155,-71.1612176954981,30,0
cc36d8f2-98da-34bb-92a9-8505727915e3,3498e7d3-90fd-366b-bc6a-6f41dad6bae6,Pat3 Bradtke547,M,GENERAL PRACTICE,112 WEST MAIN STREET,NORTHBOROUGH,MA,015321824,42.318559050000005,-71.65097281611972,1,0
f76a475b-bf39-33e3-9791-e6c09b87f161,37111f41-8bc5-35d3-9cd9-5b447a11ffd1,Ilene33 Greenholt190,F,GENERAL PRACTICE,TEN INGALLS COURT,METHUEN,MA,018443712,42.7262016,-71.1908924,3,0
99f98cbc-7410-3307-ad16-79d417344020,3076e02a-deac-3e81-96a9-1d32cbda6fca,Randy380 Kilback373,F,GENERAL PRACTICE,59 EASTWOOD CIRCLE,GARDNER,MA,014403901,42.567006649999996,-71.97817904424542,14,0
59b8563f-12f8-345d-9f84-98d943e85178,fbd4ccdf-2fdb-3652-9bbe-1ccff886bd34,Jermaine675 Collins926,M,GENERAL PRACTICE,320 CENTRAL STREET  UNIT A2,SAUGUS,MA,019062372,42.4632069,-71.0093761,3,0
4475e422-74b4-34f4-9258-1015e1e08c29,b9e35b8a-9831-32d8-a6dc-d7a546c126b0,Venus149 Blick895,F,GENERAL PRACTICE,111 HUNTOON MEMORIAL HIGHWAY  1ST FLOOR,SPRINGFIELD,MA,011092550,42.1018764,-72.5886727,308,0
4c1ab8de-faeb-3e08-aab3-ef52e1a3f954,38508743-50d1-3429-8fe2-37e42ddaf20e,Vicente970 Verdugo724,M,GENERAL PRACTICE,164 HIGH ST,GREENFIELD,MA,013012778,42.595268700000005,-72.59288632376354,494,0
d4afe01c-e6d3-3c13-a738-e1dcefe68193,8d110f42-6f75-3751-b0c5-b45ab08333a1,Lino542 Feest103,M,GENERAL PRACTICE,88 WASHINGTON ST,TAUNTON,MA,027802465,41.9062805,-71.09518121351795,35,0
302f949a-1ff6-3a85-84b0-8984b296c753,f2068cee-c75c-321d-9b2c-c33535db89c9,Octavio643 Prosacco716,M,GENERAL PRACTICE,32 BOSSI AVE,RANDOLPH,MA,023682002,42.20017865,-71.0582074,61,0
d1e7bd58-ebb6-330d-89b5-f7c03b2f8b5f,9b1f8cd0-2246-3f4f-82df-23ea314c7665,Verdie59 Bruen238,F,GENERAL PRACTICE,800 ESSEX ST,LAWRENCE,MA,018414617,42.70162725,-71.1755487945157,2,0
cece5f46-f115-3c2f-a35c-319cb349ba7d,15d4c950-4691-3996-b4c4-bf06bfb58ff7,Azucena377 Crona259,F,GENERAL PRACTICE,70 EAST ST,METHUEN,MA,018445883,42.7285558,-71.16833738237946,190,0
da31a29a-b567-3b43-8c88-d1206e713508,2e8b42f8-4300-30a9-a576-d513d1021a0a,Beverlee316 Haag279,F,GENERAL PRACTICE,600 CLARK RD,TEWKSBURY,MA,018761699,42.63120935,-71.27023603178071,76,0
9dced725-fe83-3524-ada8-afa6c244e32e,0caa0116-ef9a-3d4c-bcff-9c405a9d2bda,Yasmin241 Emard19,F,GENERAL PRACTICE,105 CHESTNUT ST STE 35,PLYMOUTH,MA,023604054,41.884685,-70.847219,36,0
44812c12-08f1-3496-a4d0-0184a57b3c1f,5ba77f2c-8ce5-3dde-bb46-3ffcceb3bfbf,Isidra572 Quitzon246,F,GENERAL PRACTICE,188 FLORENCE ST,CHESTNUT HILL,MA,024672641,42.31835025,-71.17401686317635,1,0
0c669c39-e3ab-33fd-a25e-2a1294532409,d140ed3f-2696-3e78-bd77-1c959ec4fc4d,Jamal145 Marks830,M,GENERAL PRACTICE,863 HATHAWAY ROAD,NEW BEDFORD,MA,027401916,41.6512968,-70.9669902070805,4,0
e63b5e23-f56f-3f9d-9793-48dddba4709f,d4e48a16-0a60-3e90-81e5-c35b22ffe6af,Elmer371 Kutch271,F,GENERAL PRACTICE,856 STATE RD,NORTH ADAMS,MA,012473027,42.69967208677275,-73.16330754755236,2,0
657c6a91-a0e5-3d9b-a915-81016131edfd,6f95a7a4-3343-3d14-b8b5-35d1e3247551,Denis399 Bailey598,M,GENERAL PRACTICE,254 BILLERICA RD,CHELMSFORD,MA,018244114,42.5969934,-71.3233653623669,2,0
02a06071-dabb-3db6-8712-5fc7afe99977,bccd7d67-203c-3d93-b6b0-bff5a146cd1d,Courtney281 Kihn564,M,GENERAL PRACTICE,286 WASHINGTON ST,STOUGHTON,MA,020721763,42.1384306,-71.1022598,11,0
21776680-34a8-396f-a20a-ca2fccfda762,63cb4d95-04a9-3a35-b5d9-f89e0377a48d,Thanh759 Weber641,M,GENERAL PRACTICE,211 PARK ST,ATTLEBORO,MA,027033143,41.9419187,-71.2752081695297,180,0
911a0cc1-9cd2-3579-9fa9-f2f3850e2453,6e290541-eba3-37fc-a3e2-e58f77e84c7e,Christeen33 Toy286,F,GENERAL PRACTICE,15 LENOX ST.,SPRINGFIELD,MA,011083122,42.085779,-72.55846414285715,44,0
7c5b2a92-6926-35ff-99b0-d986a15f0074,0d24cc89-3256-330c-b36d-d8de8babef84,Will178 Bernhard322,M,GENERAL PRACTICE,1030 FALMOUTH RD,SOUTH YARMOUTH,MA,026641218,41.6667779,-70.1847414,65,0
90350b36-c32e-3d13-9c5b-85230fc6cb88,db28cc9a-fdfb-35a6-aef7-ab9b933ef244,Judy192 Gleason633,F,GENERAL PRACTICE,8 DANA STREET,CAMBRIDGE,MA,021385402,42.3694992,-71.11011030010101,29,0
c3ef093e-50a7-389c-b097-6720804276eb,a6fb79e7-4abb-3a68-b62d-e501427fdca4,Ricky354 Renner328,M,GENERAL PRACTICE,489 WASHINGTON ST STE 202,AUBURN,MA,015015709,42.187836,-71.83104,12,0
5a89b18a-aaeb-383f-aa4a-2546f233f247,b92c875d-5390-3cc7-9cc5-67ade724daf3,Deon400 Hansen121,F,GENERAL PRACTICE,65 COOPER ST,AGAWAM,MA,010010325,42.07895845,-72.62045515660407,2,0
23055189-6d4c-36ae-98b1-c6be0c1b54d9,4e3c60e6-dbed-32c3-9b03-767d7fbc82b0,Gordon377 Lind531,M,GENERAL PRACTICE,222 RIVER RD,LEEDS,MA,010539783,42.364084399999996,-72.70745188531934,1,0
be1fcde1-db57-3dff-b3c6-9401d19fb9fa,9d0e702d-50a0-3f4c-9126-0951d560fd4b,Otha286 Roberts511,M,GENERAL PRACTICE,189 MAY ST,WORCESTER,MA,016024339,42.25986305,-71.83597786023279,30,0
0f52fdc8-199d-3065-bcf0-b7596732e804,ea8d287f-b3a9-3800-8798-788e334ee406,Shirly501 Kuphal363,F,GENERAL PRACTICE,81 HIGHLAND AVE,SWAMPSCOTT,MA,019072928,42.4699241,-70.9171507,125,0
b0721d7e-6adf-32c7-a1fd-f75b0cda3362,c7542447-e06e-32cb-b6db-243c23a0dbc2,Chantell995 Krajcik437,F,GENERAL PRACTICE,30 WARREN ST,BOSTON,MA,021353602,42.3501483,-71.14393324457691,198,0
3e7e9961-af82-3d82-8d23-916d7b63eb54,d9fe2c9c-135e-3da3-8de8-1a0ff165d886,Laura391 Cuellar188,F,GENERAL PRACTICE,1430 MAIN ST,WORCESTER,MA,016091121,42.2492003,-71.92931780325071,33,0
df7767b5-9bcb-3527-aa77-12f4dadce2ca,8bf5325a-c11b-35c4-b07d-17a5aeba8353,Rueben647 Okuneva707,M,GENERAL PRACTICE,815 WORCESTER STREET,SPRINGFIELD,MA,011511001,42.1018764,-72.5886727,10,0
9ad157c9-a648-338c-99f9-600d5ea52d24,43e22208-dae0-3196-b30b-17b3c50679c2,Shayne60 O'Kon634,F,GENERAL PRACTICE,147 PELHAM ST,METHUEN,MA,018442060,42.7288158,-71.20222773774655,45,0
09ed85fa-c516-3b49-b6d1-686ee4226fd6,aba3e6f6-4562-342e-b90f-dd61b117f394,Maryjane289 White193,F,GENERAL PRACTICE,438 CHESTNUT STREET,SPRINGFIELD,MA,011072008,42.11291091861002,-72.59692685125127,5,0
a31d267d-acb3-3aa2-b553-5ce98b7775bd,a4b91172-69e7-3895-bd89-b9a0868de5c2,Shanita956 Wolff180,F,GENERAL PRACTICE,651 ORCHARD ST,NEW BEDFORD,MA,027441052,41.6149879,-70.93113851963673,33,0
d36ddd3c-8818-3a40-8265-5be29f709e20,72f50aa0-d8c9-34dc-ac58-c428323f3bcd,Ricky354 Little434,M,GENERAL PRACTICE,55 FRUIT ST,BOSTON,MA,021142696,42.36286045,-71.06875296664998,73,0
d8c325ac-3691-3890-8f7b-8d543f824253,9203d0d2-ca7d-3421-9361-974402ffb561,Tamera164 Shields502,F,GENERAL PRACTICE,58 OLD NORTH RD,WORTHINGTON,MA,010989708,42.414246,-72.93841842197347,34,0
b8308438-3d5d-3d27-a3ee-c822eede5393,eee00932-ca82-36bc-b7e8-e3fff6dbaeaa,Leif534 Hane680,M,GENERAL PRACTICE,450 BROOKLINE AVE,WEYMOUTH,MA,021893141,42.2212188,-70.9391625,54,0
7cd93c8e-5fd1-3ddb-93ea-75e8f747072b,be509ccb-bfb7-3b87-8945-8426b689ef9d,Man114 Balistreri607,M,GENERAL PRACTICE,2049 DORCHESTER AVENUE,BOSTON,MA,021244742,42.3554334,-71.060511,12,0
67eae395-d5dc-3997-8e98-8de050f518c1,c0719377-d40a-3e9c-9f7c-af47c93b3f40,Rodrigo242 Campos61,M,GENERAL PRACTICE,80 SUMMER ST STE 1,BOSTON,MA,021101218,42.35403315,-71.05809515865283,67,0
b70858d6-a589-39e7-a31e-cac2bce33e06,fe008000-0642-354b-9986-7396b3574f40,Cyrstal592 Price929,F,GENERAL PRACTICE,44 SOUTH ST,ROCKPORT,MA,019661800,42.653407900000005,-70.60498112267823,2,0
de776e32-ca6e-3783-a732-807092d8270c,a06b1a97-d6ce-3ea1-ba4a-2ef85a8114ab,Kyle55 Goyette777,M,GENERAL PRACTICE,400 GROTON ROAD,AYER,MA,014321171,42.57821195,-71.5733060441645,11,0
6fa4cfbb-83d2-3033-9438-006dfd9fbe21,73c7eaf8-f8b3-383f-b3e1-4d8ff5ca255d,Nicki254 Bartell116,F,GENERAL PRACTICE,161 FALMOUTH RD,MASHPEE,MA,026492662,41.6314877,-70.46769809885944,3,0
c5d16c8e-bbde-3ce8-81b6-f48a6a5c06e4,9fbf3c5e-5f22-3b9f-9032-39d6de320874,Delois358 Langosh790,F,GENERAL PRACTICE,150 FLANDERS RD,WESTBOROUGH,MA,015811017,42.2770724,-71.5679154706427,1,0
e6517bb0-1267-3fb9-9755-3914e32a3b4d,f8918a95-31e8-3ac4-8d12-29ca6080ebda,Domitila545 Vandervort697,F,GENERAL PRACTICE,199 REEDSDALE RD,MILTON,MA,021863926,42.251368299999996,-71.0768393856917,122,0
57108ecc-b6fa-3851-9c6a-a538346be0ad,9cec3b3c-fe3f-344e-b9c3-e414dafcd19f,Otis335 Dickens475,M,GENERAL PRACTICE,120 MAIN ST,MALDEN,MA,021486904,42.41918695,-71.06618960434116,3,0
c3aa3e6c-5d9e-3e30-ad48-866583b165e4,8d5880eb-1dd8-31ea-b7c5-21709f3bb341,Nicholle822 Satterfield305,F,GENERAL PRACTICE,50 ROWE ST,MELROSE,MA,021763201,42.4592093,-71.06078096379728,28,0
a6095c26-4124-3688-9a54-671ab580485a,3ff0f58b-7a1f-3334-9449-ff15f68b7d86,Juan88 Tirado305,M,GENERAL PRACTICE,275 SANDWICH ST,PLYMOUTH,MA,023607761,41.94186605,-70.6455366462985,780,0
7d7ee183-ffbb-3eb7-8dd8-6911f91bf487,70e3ad4f-b9ff-3f3e-9990-2cd7e23a9d1c,Tambra47 Bosco882,F,GENERAL PRACTICE,1238 RIVERDALE ST,WEST SPRINGFIELD,MA,010894675,42.1373438,-72.62624707492338,14,0
9421cd0b-871b-378b-8eee-fe57853b9241,7e8bd0f2-2746-355e-92ef-9473818c58a2,Ivory697 Okuneva707,M,GENERAL PRACTICE,90 SUTTON STREET  SUITE 3-4,NORTH ANDOVER,MA,018451655,42.705281049999996,-71.13643624887442,11,0
d37bd0d0-4ac0-3ffa-b26d-9a6bd4ca7e13,dd280187-8662-3732-af81-595d10572911,Clifton91 Lakin515,M,GENERAL PRACTICE,4499 ACUSHNET AVE,NEW BEDFORD,MA,027454707,41.74026055,-70.9450945705336,47,0
e780fe1f-9a57-3bcf-9820-3f3bd341e5ea,dae3ee01-f383-366e-9ad6-dc92963064ea,Orville751 Will178,M,GENERAL PRACTICE,1233 MAIN ST,HOLYOKE,MA,010405381,42.16578055,-72.63389634691956,17,0
6867d0e8-15c5-357c-be33-1af306174f30,089bceb2-0ecb-3650-95e9-e7260248b809,Estella474 Reynolds644,F,GENERAL PRACTICE,50 W MAIN ST,HOPKINTON,MA,017481672,42.22029125,-71.53814854921914,23,0
38b31304-733a-3bb4-a93e-8f412e5a79fa,9d989fcf-4ad9-3972-ada3-f275d967781e,Dominic463 Miller503,M,GENERAL PRACTICE,100 TER HEUN DR,SANDWICH,MA,025632377,41.7579043,-70.4968152,368,0
c4fcca78-0a97-3dc4-a80e-9950f44939ed,de32e6d9-848e-35d4-a217-e62eb5e0bc7b,Rayford811 Abbott774,M,GENERAL PRACTICE,77 HIGH ST,NEWBURYPORT,MA,019503071,42.8055312,-70.87001791778893,3,0
8bb9ba5c-b08c-3b7f-9aee-f531a02de450,9f2f60a6-87a4-3f45-b753-b63b5b7e9993,María Cristina383 Gamboa193,F,GENERAL PRACTICE,332 HANOVER STREET,BOSTON,MA,021131901,42.3647421,-71.0536619,74,0
8fc466c3-61f6-30f1-bd7b-defc732ae602,0519b293-2e92-3eb3-aeef-233da0babc93,Joslyn677 Friesen796,F,GENERAL PRACTICE,40 PARKHURST ROAD,CHELMSFORD,MA,018241511,42.6198215,-71.36189212971482,16,0
9ca80179-6d48-3b9b-b434-77111459714b,c5403c4f-14d5-3171-9227-a9b8327f3149,Lonnie913 Ferry570,F,GENERAL PRACTICE,52 OLNEY RD,CHICOPEE,MA,010202103,42.1487691,-72.6071119,28,0
5369c65e-43c3-3154-aeca-a7cf7dae9a83,a730c5e6-a15f-3e36-8112-8579e507d330,Drew592 Ankunding277,M,GENERAL PRACTICE,28 LORD RD,MARLBOROUGH,MA,017524549,42.34718040987546,-71.57283065352654,21,0
6dd8819b-21b8-3d4c-ac8a-e448445979e6,82248deb-13cc-31b2-8764-0233e159a93a,Lan153 Kemmer137,F,GENERAL PRACTICE,19 DEPOT STREET,ADAMS,MA,012201856,42.623644600000006,-73.11852130252683,39,0
1b59f044-2716-36e2-9bf9-8c90c23d3ca8,e69e7cbb-8362-30d1-83f2-3a0c492fe2b1,Chris95 Kub800,F,GENERAL PRACTICE,110 LONG POND RD,PLYMOUTH,MA,023602642,41.9255829,-70.65514326847389,183,0
45f84bfb-1c3b-3ea7-b0a7-4f6a7f652633,9e469108-97a0-350a-b6ba-be2a286b3dcc,Tereasa291 Mueller846,F,GENERAL PRACTICE,150 FLANDERS RD,WESTBOROUGH,MA,015811017,42.2770724,-71.5679154706427,11,0
a4040d37-fad4-313b-91a8-469f6623f30e,06cc2462-430f-3322-9c87-7e971125f510,Kai187 Mann644,F,GENERAL PRACTICE,133 OLD ROAD TO 9 ACRE COR,WESTFORD,MA,018863198,42.5792583,-71.4378411,72,0
61b7b01c-718b-331c-abcc-8dac8fc28be1,759de184-595f-3131-ba20-6a412553496d,Laurie826 Pacocha935,F,GENERAL PRACTICE,49 THOMAS PATTEN DR,RANDOLPH,MA,023683901,42.1594587,-71.06112167252701,2,0
c673e1ef-4ae4-390c-837e-57489363fe3b,db106514-f254-3402-b6a4-6d210c78c7e2,Kimbra238 Runolfsdottir785,F,GENERAL PRACTICE,211 FRANKLIN STREET,QUINCY,MA,021697833,42.23691085,-71.00237199954586,4,0
3ab2c922-410c-3c52-999c-9589420c605b,ee7fab6f-6438-394f-b1f2-3e452f8f055a,Soledad678 Calderón210,F,GENERAL PRACTICE,75 BRIMBAL AVENUE,BEVERLY,MA,019156009,42.570099299999995,-70.87108224250409,15,0
c81afc6a-6e57-39c6-be97-efe084fb33e7,79508e39-d0b0-3613-9d54-168f6e1c3a18,Antonette454 Tromp100,F,GENERAL PRACTICE,200 GROTON ROAD,GROTON,MA,014502056,42.577352149999996,-71.57414587343038,168,0
ef7ba43a-ff9a-3f74-9e21-24b4bdb0861d,880fad59-9c38-3a21-a39f-ccc801502ab3,Halina47 Pollich983,F,GENERAL PRACTICE,799 CONCORD AVENUE,CAMBRIDGE,MA,021381048,42.390849395521705,-71.1556550001627,11,0
f105ecf6-4bfa-3ca0-95f4-3d6581786f2d,352f2e3b-0708-3eb4-9f7e-e73a685bf379,Araceli695 Willms744,F,GENERAL PRACTICE,157 UNION ST,SOUTHBOROUGH,MA,017721215,42.3056501,-71.5245087,154,0
21c8c571-8d34-36c8-9679-5cdb67e45635,a2d45ee8-b930-3169-b612-f602961ad212,Valentine262 Leannon79,M,GENERAL PRACTICE,37 MINUTEMAN WAY,SHREWSBURY,MA,015452229,42.288207,-71.73443816915585,31,0
f8106cef-2271-3abb-b54a-fd597bcad197,10ffe7b1-2f94-3f12-9288-679da05a1ec9,Roberto515 Aragón562,M,GENERAL PRACTICE,133 LITTLETON RD,WESTFORD,MA,01886,42.57056335,-71.41736646422413,43,0
f95b3ceb-a9bd-30ba-9a35-58ebf00fe28c,2b97893e-dc50-378b-a266-f089b8450329,Magdalena964 Torphy630,F,GENERAL PRACTICE,250 MOUNT VERNON ST,DORCHESTER,MA,021253120,42.3194571,-71.04610844302991,53,0
eff9904d-62a0-39f6-936d-476f548979ee,d0894f6b-78d7-338d-82ad-b63de4d40014,Lynsey2 Lemke654,F,GENERAL PRACTICE,330 MOUNT AUBURN STREET,WALTHAM,MA,02452,42.3756401,-71.2358004,5,0
ac386003-8bcd-3cfb-822d-cbf702f162bb,3d5fbf38-c781-3e04-8c7e-5a402611b7d4,Enriqueta274 Barton704,F,GENERAL PRACTICE,260 ELM ST,SOMERVILLE,MA,021442951,42.3955992,-71.1227391,100,0
73abf133-1d61-3d69-be1d-f49db98ba385,f43f97f2-af04-3ed0-a42e-3681718cc9b2,Jacques50 Quigley282,M,GENERAL PRACTICE,725 NORTH ST,PITTSFIELD,MA,012014109,42.4600752,-73.2492795834909,9,0
cbaa5118-52af-393f-98b3-6e3124d5a5ae,fd5342f0-10c0-3f48-9c7e-7100a64db139,September423 Abshire638,F,GENERAL PRACTICE,30 PRINCETON BOULEVARD,LOWELL,MA,018512405,42.6353691,-71.3322833,17,0
c9f8f5ba-2850-3339-8a7e-ca7161ec250d,03c5769d-b185-35ee-b563-9e651cff95bc,Alina705 Rohan584,F,GENERAL PRACTICE,807 WILBRAHAM RD,SPRINGFIELD,MA,011092067,42.1108434,-72.5341133,2,0
41cd979c-bec4-39b1-92a5-7490fd2ff7a7,7ac466c6-7968-33fd-882c-6d5418f88c8a,Alvin56 Hayes766,M,GENERAL PRACTICE,2 MEETING HOUSE RD,CHELMSFORD,MA,018242700,42.60140085,-71.35097894451894,48,0
d4bccb50-17b5-39fe-915a-f30867ceaca8,edd58f69-ad5f-346b-b1f9-530ccdc895f6,Johnathan55 Padberg411,M,GENERAL PRACTICE,52 CARPENTER ST,ATTLEBORO,MA,027032472,41.9369576,-71.27996091755344,45,0
6e489d24-750b-315d-b017-62d35a7b22ea,94ac48ba-e215-3ab9-ba88-a0b926d29cef,Barton704 Hahn503,M,GENERAL PRACTICE,300 WINTHROP STREET,MEDFORD,MA,021552311,42.421527,-71.11834,3,0
0a70bb12-544b-3058-8591-d9a812a7556c,069b90f9-309b-35e4-b990-d1dbacb962cc,Thomas756 Strosin214,M,GENERAL PRACTICE,36 LOWER WESTFIELD ROAD,HOLYOKE,MA,010402749,42.16975305,-72.63488031242107,3,0
04bdabe8-8eb4-3999-aca1-d9e57ab1004d,b3f4de6b-901d-3856-ba81-35dc48a63d17,Jeana169 Cronin387,F,GENERAL PRACTICE,451 ANDOVER ST STE 205,NORTH ANDOVER,MA,018455079,42.6734518,-71.1268776,48,0
dfbbbba9-9cc4-3f62-8123-df846e87b9f8,4ba48ef6-19f2-3177-bfaf-096daaebf26a,Gerald181 Wunsch504,M,GENERAL PRACTICE,275 TURNPIKE ST,BRAINTREE,MA,021845328,42.2064195,-71.005067,48,0
d3a711af-d414-3add-9970-2d6b62c389f6,aaa0fec8-a112-35c1-81d8-20cba5d2d00e,Colton403 Shields502,M,GENERAL PRACTICE,80 DEACONESS RD,CONCORD,MA,017424168,42.451360756038156,-71.37688541994147,1,0
cbab437f-067b-3498-9fc5-98c9542454dd,8ce066ae-10ad-3679-9272-387e8cb21947,Bettye671 Tromp100,F,GENERAL PRACTICE,3 CHERRY ST,NEWBURYPORT,MA,019503928,42.80038345,-70.87664535540449,58,0
d081a0ff-13f0-3e89-9e34-fc9ad262b9a3,f438b8e0-d856-328a-b193-2b014fc4cb97,Karri995 Reinger292,F,GENERAL PRACTICE,981 VARNUM AVENUE,LOWELL,MA,018541913,42.64591185,-71.36487149058269,8,0
e413ea7a-e287-3c8f-8479-cd87fe594fe1,936ceb96-2b12-371f-aa68-ee02a9c06f4c,Eddie505 Keeling57,F,GENERAL PRACTICE,225 BOSTON ST,LYNN,MA,019043124,42.470497449999996,-70.96003668151566,139,0
7a4cc23f-fd33-3b15-9064-568d5413ff3e,dfcd78f1-f67e-321d-84e3-f658c482c474,Elmo857 Wisoky380,M,GENERAL PRACTICE,64 WOODLANDS WAY,BREWSTER,MA,026312550,41.737807,-70.0036669,49,0
ba488637-33da-3f90-8d42-666379e79d9e,0a8a4b11-d0b8-3cd2-92cd-983de5189cfa,Del587 Nicolas769,M,GENERAL PRACTICE,111 BIRCH STREET,LYNN,MA,019021574,42.47859105,-70.93458444045801,16,0
2c50912d-7ccf-3b06-9b6d-37e2c863a2a3,bea92616-0fee-39b9-9a23-42c6fd899f35,Arthur650 Beier427,F,GENERAL PRACTICE,10 ERLIN TERRACE,TEWKSBURY,MA,018762666,42.61292480142526,-71.24215126690858,2,0
b6c46fdb-0818-3110-9ce2-f83e1b0ea8e0,335fe080-43f9-3219-84bd-031c4fcfe9d5,Claud279 Hilll811,M,GENERAL PRACTICE,146 PARK AVE,ARLINGTON,MA,024765829,42.421350950000004,-71.18224816367342,1,0
5c1c95f3-0e1c-3ba3-a110-7eab49acd079,f3740f1e-3176-3f58-ba4a-f95d8f5b9263,Leslie90 Schneider199,M,GENERAL PRACTICE,75 KNEELAND ST,BOSTON,MA,021111901,42.350222,-71.060605,34,0
e3fa9551-ef54-359c-b266-541357e84ffa,93bf4a6b-8fb3-3a1e-9be6-4958736f2bfb,Dee580 Trantow673,F,GENERAL PRACTICE,1102 WASHINGTON ST,BRAINTREE,MA,021845438,42.19876545530798,-71.00672788298964,5,0
3a05af2c-740c-3e8f-a121-92cf6ace05a0,7b20d1c4-c56b-3647-801c-5e4e13679073,Riley817 Prohaska837,M,GENERAL PRACTICE,275 SANDWICH ST,PLYMOUTH,MA,023602183,41.94186605,-70.6455366462985,66,0
85664a61-ffb0-3980-ae99-260959bc1ae1,3e97ce4f-3ad7-3cea-883f-e2bb4ca89d83,Marisol435 Cedillo160,F,GENERAL PRACTICE,30 NEW CROSSING RD,READING,MA,018673270,42.51809619399502,-71.0959083715027,53,0
d996dc6c-afd8-3d85-a2ef-678b2c85ec0e,4f59f709-8b84-3d27-a04b-c6b7b5544413,Natividad796 Davis923,F,GENERAL PRACTICE,70 BOLTWOOD WALK,AMHERST,MA,010022271,42.3768779,-72.51840280783739,28,0
8501a687-ff32-3a92-8395-c6ad9c438b53,c4e5b33c-17b8-3f51-a8ba-a327d54e642a,Kaila152 Dibbert990,F,GENERAL PRACTICE,94 N ELM ST,WESTFIELD,MA,010852917,42.1322823,-72.7436679,29,0
a9194e67-79ab-3907-baa0-0a65000cc0a0,36d328a2-68bb-3967-a9bf-00897a7c945f,Jettie913 Rodriguez71,F,GENERAL PRACTICE,299 WAREHAM STREET,MIDDLEBORO,MA,023462905,41.869676,-70.873384,3,0
1c931a61-1131-3026-a856-1f4cb8349773,a9f0c80c-2cc2-31ea-9ead-d13d373a6fe4,Mohamed943 Hartmann983,M,GENERAL PRACTICE,140 PRESCOTT ST,NORTH ANDOVER,MA,018451826,42.7052468,-71.11780689673651,1,0
4be8cbab-0a9c-328e-93a5-d9a05e3e2b49,79d49935-bcc0-36ca-920b-45365c367438,Sherita708 Hudson301,F,GENERAL PRACTICE,409 W BROADWAY,SOUTH BOSTON,MA,021272245,42.336831,-71.047958,39,0
710114e5-8192-3c60-8d0c-395dbce93c8e,51370692-6296-3150-8672-559fc73f964f,Almeda560 Okuneva707,F,GENERAL PRACTICE,75 FRANCIS ST,WEST BRIDGEWATER,MA,023791542,42.0219112,-71.019004,58,0
ee1df01d-13d8-390d-aad5-db732474a49d,06376cbe-4880-384b-b459-7ce3eef36ced,Cody889 Ratke343,F,GENERAL PRACTICE,387 QUARRY ST,FALL RIVER,MA,027231026,41.6932713,-71.1402431739568,137,0
04a9ae5d-45c2-3316-b870-236d9406a466,2836d9ac-c6a6-39d1-8f13-fdf0fc8928f4,Carlton317 Koch169,M,GENERAL PRACTICE,365 EAST ST,TEWKSBURY,MA,018761950,42.6069472,-71.2180803,281,0
f991f6f6-d8c6-3bc4-b875-6cb38fcd6027,82c72223-f521-3a34-9b9b-4ff366365399,Shon148 Reinger292,M,GENERAL PRACTICE,2100 DORCHESTER AVENUE,QUINCY,MA,021691870,42.2509914,-71.0037374,97,0
c82f4e26-5705-3d86-b6ad-ce77a4cf7354,15e26ce3-9006-3ce2-9327-493180a15ec1,Luvenia178 Breitenberg711,F,GENERAL PRACTICE,6 GROVE ST,NORWELL,MA,020611534,42.172231693916025,-70.87836493029226,15,0
08235ecc-f362-3dac-b237-66d363c3b13d,b5e6f1bd-c744-3556-9775-5ff8399eea33,Hedwig986 Wiza601,F,GENERAL PRACTICE,2284 MAIN ST,CONCORD,MA,017423829,42.44300895,-71.42458458423982,111,0
9f9edf21-752d-3fde-bded-b20c9e419a0c,1de7e7d9-9a7a-3a3f-bf4c-b4de450711f2,Isabel214 Quintana711,F,GENERAL PRACTICE,198 LITTLETON RD,WESTFORD,MA,018863429,42.564282,-71.42620615382347,16,0
9e02ddb9-05d2-382a-972d-8c36a939fa21,05cc5056-7af4-3afb-9a5a-d7a1c23a2509,Francis500 Lehner980,M,GENERAL PRACTICE,2069 ROOSEVELT AVENUE,WEST SPRINGFIELD,MA,010892595,42.105237,-72.6213712,13,0
de7ed2e6-5d41-34b9-ad19-c1485b236a7c,497f39dd-280e-3d58-af5b-c5e3a3a09b10,Arden380 Bergstrom287,M,GENERAL PRACTICE,27 PARK ST,HYANNIS,MA,026015230,41.65363635,-70.27352219234834,1049,0
81dbf906-a3a6-31e0-a1fc-0454502dd0aa,ed0c5b98-dc8a-3fc9-9856-61f1a1c75b11,Edwina60 Gerhold939,F,GENERAL PRACTICE,40 JULIO DR,SHREWSBURY,MA,015453010,42.29191827853838,-71.70343631978118,1,0
45db3f75-830d-3e31-84d8-c89e66d211d2,accb8cdd-6560-3fef-b0a6-f12c3295026a,Kerrie266 Bergstrom287,F,GENERAL PRACTICE,969 PARK STREET,ATTLEBORO,MA,027035115,41.9266899,-71.2611303145582,14,0
a66c73c7-4d6e-3144-b629-52a206d1db67,a2df2aea-9c53-31f4-baea-02ea5ea1e553,Leon728 Lehner980,M,GENERAL PRACTICE,95 LAUREL STREET,GREENFIELD,MA,013013106,42.58163075,-72.61795013515538,23,0
83289c6f-5e2d-31e8-9906-e64643fbe836,390a2aa4-70b4-3a64-a12f-9bd777834c8d,Evangeline16 Howe413,F,GENERAL PRACTICE,710 MAIN STREET,HARWICH PORT,MA,026461931,41.669654699920855,-70.06169919459835,4,0
a54810f3-4da2-30ae-8745-f4daa09edd7a,18a96051-91f4-3cba-af96-056ea14dfee0,Gaston250 Grimes165,M,GENERAL PRACTICE,25 HIGHLAND AVENUE,NEWBURYPORT,MA,019503872,42.81369325,-70.89091645747592,184,0
04c5b078-2bda-328a-b4e8-c187416904eb,1ab2b5f9-cb95-3236-beec-9b9d4a407c61,Carroll471 Eichmann909,M,GENERAL PRACTICE,725 NORTH ST,PITTSFIELD,MA,012014109,42.4600752,-73.2492795834909,96,0
4c2e75a7-4224-3dca-8601-094e61cac9b8,07ae483b-b351-3add-8b05-afba832b88ea,Harold594 Murray856,M,GENERAL PRACTICE,5 REDLANDS ROAD,WEST ROXBURY,MA,021321506,42.2879347,-71.15108161583282,8,0
f90b1f0c-1ec3-3ea9-888f-dd61062a7b5e,ec509895-6196-36d1-b91e-272bed7e6196,Norbert530 Veum823,M,GENERAL PRACTICE,40 ARMINGTON ST,ALLSTON,MA,021342406,42.3521617,-71.1375176,48,0
a7b09266-331f-341b-859a-183200389542,b5d7a9c3-9232-3f0e-a707-9aba443ca12f,Earnest658 King743,M,GENERAL PRACTICE,39 LAFAYETTE ST,MARBLEHEAD,MA,019451939,42.49376315,-70.87528080424494,1,0
e767481a-cfb6-3f2c-a263-74fc362564d1,1bed5229-19d7-3168-94a2-f1f2abb00270,Nilsa143 Moore224,F,GENERAL PRACTICE,88 WASHINGTON ST,TAUNTON,MA,027802465,41.9062805,-71.09518121351795,101,0
6a1c090d-ef2e-3cf3-a214-ae28e66f3e67,41e2a44c-477c-3511-96f9-12c476aa3b6a,Latoyia537 Lindgren255,F,GENERAL PRACTICE,85 E NEWTON ST,BOSTON,MA,021183553,42.336277100000004,-71.07085295687423,3,0
5bfe2768-7bb0-3bb9-90b7-c5810e5b22d3,f00601d0-d49e-30ed-bc3e-314379f2103e,Elijah719 White193,M,GENERAL PRACTICE,490 MAIN ST,MELROSE,MA,021763841,42.4550741,-71.0654799,30,0
d03ec7df-696d-341c-a735-7fddfeb46243,71a1e089-024e-3255-a536-9204586fa4fc,Allyson474 Doyle959,F,GENERAL PRACTICE,1 GORHAM IS,WEST YARMOUTH,MA,026733200,41.6501114,-70.2411312,1,0
d0df7f51-2f93-391c-9706-594a28f5d8a3,5b0cd0a0-f277-3a66-bee6-d64b5be4a3f5,Waldo53 Hintz995,M,GENERAL PRACTICE,725 NORTH ST,PITTSFIELD,MA,012015493,42.4600752,-73.2492795834909,26,0
8c4e572d-9bc4-3d49-a392-28eb507a7c68,4956f573-3dc2-3a67-9692-2f57451744e6,Gerry91 Davis923,M,GENERAL PRACTICE,400 BOLTON STREET,MARLBOROUGH,MA,017523912,42.35966285,-71.55290125539051,1,0
ca5d3c4b-c53d-34f7-b8fa-ef425e28cfd9,b44955d1-f0e2-3beb-a013-708a81dbe430,Idella49 Runte676,F,GENERAL PRACTICE,680 CENTRE ST,WEST BRIDGEWATER,MA,023791600,42.0219112,-71.019004,29,0
d99a1603-8130-38b5-ba5e-8829c61e9225,c1986c0c-f756-3596-8f90-08adacf220fe,Dong972 Auer97,M,GENERAL PRACTICE,73 CHESTNUT STREET,SAUGUS,MA,019061605,42.4573919,-70.9918055,14,0
70b7a789-b6f5-3852-95c9-88c2216c7697,ad2dab07-4f85-3950-baaa-7c7cd2aa770c,Gertrud593 Kuhic920,F,GENERAL PRACTICE,55 LAKE AVENUE NORTH,WORCESTER,MA,016550002,42.2774799,-71.76166994969458,8,0
b5dc038a-e901-35eb-ab16-bfaacb4dcfc1,1d45436f-15a9-326e-a452-2e9ffc9fc5e5,Wilfredo622 Mraz590,M,GENERAL PRACTICE,75 SPRINGFIELD RD,WESTFIELD,MA,010851832,42.111428849999996,-72.71189899299209,68,0
946cc680-254a-303d-b3c5-3b2379c93cb7,0d9b0d22-585e-3fd8-ab02-26b5be7915d1,Duane703 Koelpin146,M,GENERAL PRACTICE,516 CAREW ST,SPRINGFIELD,MA,011042330,42.12133575,-72.59217953646302,25,0
1e8ccdfc-0315-3860-bae0-b082ffac6d56,0d1570ab-371c-3898-9397-95905d8c5166,Santina680 Dicki44,F,GENERAL PRACTICE,750 WASHINGTON ST,BOSTON,MA,021111552,42.3499038,-71.0631836,277,0
8f4b36c5-9440-3539-885d-33d67ac8e9cd,1853aeef-5897-326a-80d6-aa4b0459eb6d,Jewel43 Kassulke119,M,GENERAL PRACTICE,381 WICKENDEN ST,ATTLEBORO,MA,027032247,41.9438129,-71.2806515,14,0
5b1fd781-9111-3642-bcea-03089bacd825,01bb7b5c-f850-3c4e-a3f1-442d8273559a,Dennis979 Effertz744,F,GENERAL PRACTICE,395 PLEASANT ST,NORTHAMPTON,MA,010603914,42.3150543,-72.62555561349089,29,0
90beff5b-caca-3429-a49c-e40406a97630,22fa6d28-92b6-3446-a388-f5aba50debaf,Clarence5 Robel940,F,GENERAL PRACTICE,123 CAPTAIN'S ROW,CHELSEA,MA,021504019,42.3917638,-71.0328284,16,0
d5bbd3e4-8f47-317a-9a4e-05d83ad16943,2ca615f3-87f7-3283-a447-d919a883b676,Isaias604 Dickinson688,M,GENERAL PRACTICE,1399 WASHINGTON ST,HANOVER,MA,023391653,42.1441354,-70.8440854,5,0
f26b3b71-2a36-3f4f-b9fd-e690d2bb92ef,7f32dd7d-5c35-3ddb-839b-8fbbb930d412,Luna60 Littel644,F,GENERAL PRACTICE,863 CENTRAL STREET,FRAMINGHAM,MA,017014813,42.30758060362541,-71.42846215724606,6,0
fc4bd12f-129f-3b3b-a2ce-6300328fcff8,cac6f8b3-eafd-31b3-9fa3-8015752ccc2c,Celine582 Pagac496,F,GENERAL PRACTICE,123 SUMMER ST,WORCESTER,MA,016081216,42.26496835,-71.79655403681465,3,0
c78e0380-24d3-3e23-ba16-5c4a16a7680d,a9fc7aa5-d3b3-314d-9cf7-af29051d3dd9,Olevia458 Hermiston71,F,GENERAL PRACTICE,1193 SEA STREET,TAUNTON,MA,027803960,41.8946107,-71.11113,7,0
5ad6dcd9-59dc-3551-b8ed-1d804fc0a76f,8ec2ca51-abb4-35dd-b90f-6c6aad6d2124,Elisha578 Conn188,M,GENERAL PRACTICE,22 JOHNSON STREET,PEABODY,MA,019602311,42.54644385,-70.99288129112277,19,0
6a6f89c1-bef0-377b-81c8-1a855ff72ced,9fdce5d5-d4d0-3156-a8d5-8757bfe4e9b3,Pamelia915 Kilback373,F,GENERAL PRACTICE,1 FARMER CIR,ARLINGTON,MA,024742866,42.42405225,-71.16792616556859,110,0
4dc5d5be-fa62-3798-af08-44d35dc3e9e8,68027854-a51a-324b-8f20-2da7be608ebf,Ruth999 Legros616,F,GENERAL PRACTICE,50 RECREATION PARK DRIVE,HINGHAM,MA,020434206,42.176395,-70.90419664699353,2,0
759cc31b-2734-3add-a970-73e740439950,99a31e4a-04aa-334b-9e96-904f01483d93,Deloris888 Ward668,F,GENERAL PRACTICE,100 N BEACON ST,ALLSTON,MA,021341928,42.3536388,-71.1375978,1,0
6f36abb9-894f-330f-82dd-eb329167e479,6929d249-cc27-33aa-a871-b6f26059615d,Deon400 Fritsch593,M,GENERAL PRACTICE,ONE HOSPITAL ROAD  FIRST FL  WING 5   PO BOX 1477,OAK BLUFFS,MA,025571406,41.4538523,-70.5684713,9,0
229d2575-2b2f-3837-93b3-4846b0b884a2,aad05540-c9cb-3805-b3c4-f9b9d9b42b2e,Quentin28 Fritsch593,M,GENERAL PRACTICE,821 E MAIN ST STE 3,CHICOPEE,MA,010206306,42.155774795300516,-72.55672263289513,94,0
4dac8f9f-5488-311d-a89b-26740a565189,2e73956a-942f-36f3-b88c-f88e782e578f,Ivory697 Boyle917,M,GENERAL PRACTICE,790 TURNPIKE STREET  SUITE 202,NORTH ANDOVER,MA,018456138,42.661547049999996,-71.10774565195425,4,0
7bafe2a2-f8ec-3a69-b287-1796f23806ce,2987ddf5-7ff2-3e4a-9e25-d654a10313fd,Josefina523 O'Connell601,F,GENERAL PRACTICE,519 MAIN STREET,MEDFIELD,MA,020522522,42.186209649999995,-71.30745495273302,14,0
e364c76b-cee8-3bba-b39f-d9447c20ec0d,eea92149-820f-301f-911e-b170e8312842,Tracey100 Hamill307,M,GENERAL PRACTICE,123 SUMMER STREET,WORCESTER,MA,016102177,42.26496835,-71.79655403681465,1,0
068d8f19-9978-3f8e-b8fd-573618f363b0,19a3afba-b409-3650-a0ab-f3faf6e391ef,Patrina117 Strosin214,F,GENERAL PRACTICE,199 REEDSDALE RD,WALTHAM,MA,024511433,42.3756401,-71.2358004,82,0
7266b694-5a1e-32f9-b0e9-ab0c4ee24ff2,76b7dbb5-0a02-32a4-9a01-3511f7e45016,Emerita401 Satterfield305,F,GENERAL PRACTICE,59 COUNTRY WAY,SCITUATE,MA,020663746,42.1806871,-70.74862935148246,5,0
dbb9069a-5502-3887-a0f5-4dbfea43873a,6ff4bb75-c014-3f73-a574-620cf1538d85,Manda751 Hamill307,F,GENERAL PRACTICE,250 GREEN ST,GARDNER,MA,01440,42.586896550000006,-71.98672640006858,44,0
7572a13c-ca62-3ef4-9e42-7be8ac0bc13b,2fb77691-5353-358a-bc94-90af77dd654b,Sasha806 D'Amore443,F,GENERAL PRACTICE,200 GROTON RD,AYER,MA,014321168,42.577352149999996,-71.57414587343038,31,0
f6db5e95-d4c9-3288-a4bd-0c0d0449706b,f002fb4c-544a-3139-b3f1-439864d5474a,Merlin721 Cruickshank494,M,GENERAL PRACTICE,266 LINCOLN AVE,SAUGUS,MA,019063037,42.44952884999999,-70.99452689295308,2,0
9b5d3153-f596-32e4-8214-4241854aba08,d6c165ec-d9ca-35a5-9bc8-2061cbfb83a2,Stuart913 Lynch190,M,GENERAL PRACTICE,10 ADAMS ST,NORTH CHELMSFORD,MA,018631780,42.6389249,-71.3840196,30,0
6746d2bd-0b33-3101-83b1-3af20f883d2b,cbebae9e-f95e-3d2c-9712-289ea8d6aeec,George991 Haley279,M,GENERAL PRACTICE,49 ROBINWOOD AVENUE,QUINCY,MA,021698130,42.2509914,-71.0037374,85,0
44c6c0a9-05ef-38d2-a9a2-454ba46947c7,1cec4304-9757-3a10-ad4f-7e2090c56131,Eugene421 Rohan584,F,GENERAL PRACTICE,55 LAKE AVE N,WORCESTER,MA,016550002,42.2774799,-71.76166994969458,35,0
5372604c-9c6d-38d8-a24b-4e3589c74ca6,5862e05c-9533-3f7a-8f73-215d50f5ee2f,Estell607 Barton704,F,GENERAL PRACTICE,1200 CENTRE ST,ROSLINDALE,MA,021311000,42.29768,-71.130463,571,0
f538c1b1-3a25-3722-b1a4-29fdb9a83455,471f7ca2-38f8-3080-8109-187c73ec0b1f,Collin529 Johnson679,M,GENERAL PRACTICE,27 CONGRESS ST,SALEM,MA,019707308,42.518722068313224,-70.88940635956651,67,0
4f2ef604-8070-33c2-8ff5-cca76619fc3b,a5577e5c-b886-37a0-8eee-8ff6feb7ea6b,Synthia172 Keebler762,F,GENERAL PRACTICE,330 MOUNT AUBURN ST,CAMBRIDGE,MA,021385502,42.3741033,-71.13417575971958,285,0
4101fe5a-d724-36dc-9b3f-b96f452e94d9,20df65a4-7567-3066-b680-0f71b0c31d38,Kristina583 Bashirian201,F,GENERAL PRACTICE,242 GREEN ST,GARDNER,MA,014401336,42.58685735,-71.98748072431209,206,0
6878077e-b4be-31a0-9a92-8328d3acda6f,5581e43d-0463-3a0b-afc7-a60aea5ac96c,Benita195 VonRueden376,F,GENERAL PRACTICE,57 RIVER RD,ANDOVER,MA,018101144,42.69112645,-71.19636086287642,69,0
7daf14b1-3c68-322f-aa37-2d4bedf5758d,7dcab1ad-0e13-3700-9eb0-70767c5e2b55,German382 Wilkinson796,M,GENERAL PRACTICE,1515 ALLEN ST,SPRINGFIELD,MA,011181803,42.095299499999996,-72.50943136142334,2,0
0a821894-e086-3515-99c5-316dd6efdeec,ce9c1582-994d-32bf-835c-474a249d2804,Maude482 Veum823,F,GENERAL PRACTICE,275 MARTINE STREET  SUITE 104,FALL RIVER,MA,027231500,41.68393816525316,-71.1220830626733,2,0
89e92536-4081-3eec-9b62-4896db23cf0e,6ea4d3d6-d820-387a-a3d1-ed5944ad47a2,Fabian647 Larkin917,M,GENERAL PRACTICE,232 PLEASANT ST,METHUEN,MA,018447152,42.7397562,-71.17113575205717,49,0
30a68953-0eed-3b95-9a46-d59df958e2fa,9b8a7a25-b923-3710-9f3c-d42919a3f54f,Kayce253 Ondricka197,F,GENERAL PRACTICE,146 MAIN ST,MAYNARD,MA,017542651,42.4309786,-71.4552968,58,0
3a72459c-2c5e-35f2-8df9-aa3baccce958,9656a864-3b93-356f-9fa6-d7988e249977,Josh874 Feil794,M,GENERAL PRACTICE,950 N MAIN ST STE 203,RANDOLPH,MA,023683064,42.1871612,-71.0568102,141,0
da852157-0fc7-3af3-aee5-9207fb82e412,84d5768f-3a21-3da9-aad2-bbf7a3ae2700,Elba502 Schneider199,F,GENERAL PRACTICE,817 MERRIMACK ST,LOWELL,MA,018543548,42.650296999999995,-71.32263756223612,107,0
95ab88ac-9304-3fd0-a6ea-83a29a1dbf28,9ce6072b-d039-3cde-8eaf-950211b8ae88,Terrie907 Ratke343,F,GENERAL PRACTICE,147 S MAIN ST,MIDDLETON,MA,019492446,42.585787222720036,-71.00861442427218,18,0
c75f6600-f4ad-34e1-a049-00cc289ae2d0,af8566eb-8918-3ec7-ba44-92b6a2cf8097,Trevor374 Walker122,M,GENERAL PRACTICE,81 HIGHLAND AVE,SALEM,MA,019702714,42.5112107,-70.90516241826194,181,0
a8c99f9f-d8c4-3925-b338-8fe1d2818afc,d4a03501-69f6-3a89-ac27-ed25976fdb6f,Virgen207 Hyatt152,F,GENERAL PRACTICE,25 WOODLAND ROAD,STONEHAM,MA,021801705,42.450448800000004,-71.09076944938434,7,0
dc18705a-7e78-3f1a-880c-cad0a1f4e7e3,21e6967c-bb71-3992-bb1c-11ffff39216e,Regan713 Weber641,F,GENERAL PRACTICE,200 HILLSIDE CIR STE 3,WEST SPRINGFIELD,MA,010894681,42.105237,-72.6213712,1,0
6f5a4b9d-f9e9-3f10-bc5e-ce06fca31edf,ecd3b321-0a8a-3ce6-81f0-982dd77fce43,Tracie996 Lesch175,F,GENERAL PRACTICE,25 HIGHLAND AVE,NEWBURYPORT,MA,019503867,42.81369325,-70.89091645747592,169,0
834e1e3f-7e1e-36ec-bdff-45ef95f50530,058176fd-cbb0-328b-8411-c19f5045032d,Dion244 Sanford861,M,GENERAL PRACTICE,840 EMERSON GARDENS ROAD,LEXINGTON,MA,02420,42.43761961817366,-71.19888753880475,6,0
291bddcd-789c-30ba-9f31-1acfc3b7bc7a,a036cdf2-bbc5-3ffd-987f-56e437fd8b74,Lashanda692 Gutmann970,F,GENERAL PRACTICE,265 N MAIN ST,SOUTH YARMOUTH,MA,026642083,41.680980000000005,-70.18292625685085,9,0
63bb31a2-cd3d-341b-b25c-90679688702d,4f5e8f16-a31b-3071-8556-d7188ede313d,Kala987 Wolf938,F,GENERAL PRACTICE,575 BEECH ST,HOLYOKE,MA,010402223,42.20105435,-72.628169560868,146,0
4db0afa9-617c-3c75-8a59-444bba79661a,615416de-5217-3c11-9828-2d4bacd1d9cb,Keli839 Williamson769,F,GENERAL PRACTICE,434 ROUTE 134,HYANNIS,MA,026011854,41.6753274,-70.309939,4,0
323b41cb-377b-3c5f-8b52-21469a42374c,9a20d707-68e4-32c0-b2b2-2f5d5c2012cd,Gerard367 Pouros728,M,GENERAL PRACTICE,131 CAMBRIDGE ST STE 1,BURLINGTON,MA,018033711,42.50284395,-71.19574553661971,65,0
356d4c95-d48d-353f-acff-54c5e1190702,41f66e18-8eb7-32f2-9371-7df5bf2b8d21,Lonnie913 Mraz590,M,GENERAL PRACTICE,170 UNIVERSITY DRIVE,GREENFIELD,MA,013011238,42.6097476,-72.5979752,3,0
0f465ed8-4e03-3914-9f59-6b5e835430b9,a25107f7-f4f5-36fc-98e4-f3e1b5875c91,Tracy345 Wilderman619,M,GENERAL PRACTICE,1285 BEACON ST,WOBURN,MA,018012157,42.4979478,-71.1684508,12,0
dcd1174b-01b0-35ac-b984-5435d93d9c03,0e6c3ad1-24c1-34cb-bb6d-e8438fa319e2,Vern731 Casper496,M,GENERAL PRACTICE,50 DODGE ST,SWAMPSCOTT,MA,019071300,42.4699241,-70.9171507,13,0
1577def0-3ba2-32c6-82d3-815beefdb392,b4ca31a9-9d34-3ea1-93c4-443941622304,Emory494 Nicolas769,M,GENERAL PRACTICE,102 MAIN ST,GREENFIELD,MA,013013224,42.5879173,-72.6055828841603,111,0
0e1ec49a-6aca-328b-8952-fdd95848b759,05fcf001-ab24-3d7d-85f7-f64942d82738,Leonarda398 Schumm995,F,GENERAL PRACTICE,250 POND STREET,FRAMINGHAM,MA,017014592,42.2838619,-71.4093719,95,0
99fa9f82-6dab-3325-aafb-13baec890f86,7e6db51f-7c1b-3555-9e1c-6269ba6d704d,Jacque955 Streich926,F,GENERAL PRACTICE,120 STAFFORD STREET SUITE 206,WORCESTER,MA,016031461,42.239638,-71.8443785891577,1,0
4220580d-5e7b-3490-9b7b-8c356d496f79,83769f98-fff3-3535-8781-6ace5957136f,Harland508 Breitenberg711,M,GENERAL PRACTICE,115 NORTH AVENUE,ROCKLAND,MA,023702129,42.13496385,-70.92237824494691,10,0
b48e33b1-df2e-3d82-a137-0a86eecd3e93,e5d50afe-8c7d-35f5-96f5-fb8941403b0f,Amparo58 Hayes766,F,GENERAL PRACTICE,125 S CLARK ST STE 900,FALL RIVER,MA,02722,41.74223,-71.129706,31,0
76722035-72ca-3a6f-98e9-bc4edc3c73eb,9adfae03-673d-365d-9052-f705098fa3e4,Sharilyn202 Wolff180,F,GENERAL PRACTICE,51 BLOSSOM ST,BOSTON,MA,021142699,42.36305545,-71.06643399281765,770,0
c11a169c-6ab0-3b80-ab04-08e6b1d69ac5,25431f9a-00e4-36d8-9810-4125328eec50,Paris331 Ruecker817,M,GENERAL PRACTICE,55 FRUIT ST,WALTHAM,MA,02451,42.3756401,-71.2358004,33,0
31a36845-839b-36b4-9d7e-0307276ebad7,89171335-b9c0-3326-98d6-a837d432b9fd,Louis204 Hauck852,M,GENERAL PRACTICE,150 FLANDERS ROAD,LYNN,MA,019042915,42.466763,-70.9494939,644,0
31bb1886-2db5-3e96-8e0f-392126e9f61a,01bde980-bf89-3138-8912-7360dff33247,Bradly656 Lang846,M,GENERAL PRACTICE,456 PARK AVE,WORCESTER,MA,016101254,42.25512735,-71.82580924803523,14,0
3af9ea11-2fda-35db-a503-fb8b767ddb27,217cb6f6-e822-3831-9d9d-ffa104971042,Cira533 Jakubowski832,F,GENERAL PRACTICE,2 REHABILITATION WAY,WOBURN,MA,018016003,42.46352265,-71.161925472006,172,0
98a1e1d0-2fa0-37cb-bd6f-a7bb3b2242ce,e2a8b444-9b8f-36ff-84c4-05ee98589482,Elmer371 Gusikowski974,M,GENERAL PRACTICE,8 SHIPWAY PL # C-8,CHARLESTOWN,MA,021294301,42.3778749,-71.0619957,74,0
beb5e576-1c79-36ad-a9e9-48bfabafa21d,65dac97b-bb0c-38ae-94bc-bf29ac9687ea,Cindi877 Rowe323,F,GENERAL PRACTICE,265 MAIN STREET,DALTON,MA,012261614,42.472932099999994,-73.17745071097283,9,0
ea7b4d03-deb2-317f-836e-7fa435558f1d,71f4c23f-7559-31ff-8f42-a672e80b85a2,Sallie654 Jast432,F,GENERAL PRACTICE,300 FIRST AVENUE,WESTBOROUGH,MA,015812831,42.2694308,-71.6129907,15,0
fa72207b-2fb3-305a-a0be-69261ba3a2f4,3517aff1-b163-3cd5-8fff-19710fcdc1b7,Ladawn167 Cremin516,F,GENERAL PRACTICE,400 HEMENWAY STREET,MARLBOROUGH,MA,017526762,42.36006255767826,-71.5077613040944,5,0
2dd84322-155a-3c01-920a-198303f17855,18d2c9c2-4b92-3664-9b8e-419aff3ce942,Raymon366 Block661,M,GENERAL PRACTICE,175 GROVE STREET,BRAINTREE,MA,021847253,42.19127375,-70.99279579751581,13,0
24163c0b-5c8a-37e3-b597-9d4ce5b207fc,121b0ad1-1beb-3caa-9271-3d3f726bb727,Cortez851 Price929,M,GENERAL PRACTICE,1030 MAIN STREET,WALTHAM,MA,024517447,42.375828,-71.2527956,21,0
7267b70c-5470-3dad-a353-c6384f74b45f,db60692f-cbef-315b-9fce-38a7f015c482,Kathi607 Hilpert278,F,GENERAL PRACTICE,72 SHARPE STREET,SCITUATE,MA,020664534,42.1939754,-70.7697128,28,0
a9524353-d0d0-3aa7-aad1-bd3103a45fe6,883f57b8-89c6-3dc4-b6da-047705c88623,Blanche121 Bailey598,F,GENERAL PRACTICE,363 HIGHLAND AVE,FALL RIVER,MA,027203703,41.7093779,-71.1460783680883,5,0
f9efd1ab-14f0-35fd-8bee-6168a4a32ab4,0a2252ba-33de-322f-8f0a-e5b0141f1780,Hue920 Block661,F,GENERAL PRACTICE,632 BLUE  HILL AVENUE,DORCHESTER,MA,021213213,42.2941088,-71.0885355,2,0
3f529013-7115-35ba-81d6-6b9afb769e6c,11a40a26-a5a3-331d-aef0-d06dd90e2b4e,Len277 Wintheiser220,M,GENERAL PRACTICE,10 OSTERVILLE WEST BARNSTABLE RD,YARMOUTH PORT,MA,026752000,41.7020544,-70.249465,69,0
0f83ae75-6432-3606-bdc6-0a4e0c7a5f9b,b954c464-11ea-312b-a3f8-1350775bfa54,Hortensia953 Walker122,F,GENERAL PRACTICE,123 CAPTAIN'S ROW,CHELSEA,MA,021504019,42.3917638,-71.0328284,2,0
6e2ab188-dc3f-3c4d-bf69-6e248f235b12,95f6c328-96dd-3fb8-a56e-9aad566094b4,Milda157 Schoen8,F,GENERAL PRACTICE,4 STONY HILL ROAD,WILBRAHAM,MA,010951027,42.1552861,-72.48384800788648,3,0
ca144bd6-93b5-3f63-962c-e9132c5746a2,485ae27b-c5ba-3fd0-9a16-c9eea20be185,Lael572 Kris249,F,GENERAL PRACTICE,275 MARTINE STREET  SUITE 202,FALL RIVER,MA,027231518,41.68393816525316,-71.1220830626733,6,0
ee78476a-6f48-30d7-9b2a-797af140bf7f,91808f17-7583-32a3-aa55-23b131b327c7,Leonie332 Wunsch504,F,GENERAL PRACTICE,200 CORDWAINER DR,NORWELL,MA,020611671,42.16352995,-70.8846291501739,52,0
fef003a1-fad7-3d84-b091-d56f4a1c3e71,02d7b144-352f-3eac-97db-6fc4a95bf1fa,Dante562 Reinger292,M,GENERAL PRACTICE,120 SEMINARY AVENUE,AUBURNDALE,MA,024662650,42.34002614299451,-71.24911543639162,5,0
48efa529-596a-36c6-aa2c-4ece78a56b6c,53f086de-2fc7-3d35-92c2-aca4ed944e7f,Chang901 Kutch271,M,GENERAL PRACTICE,1 GENERAL ST,LAWRENCE,MA,018412961,42.7097143,-71.15007700778098,1107,0
ef4da7c1-53fb-350f-affb-cc9fdacfe2d3,5c9dea98-c535-36fe-8a7b-778b991a7b2c,Isaiah615 Trantow673,M,GENERAL PRACTICE,95 Ashley Avenue  Suite A,West Springfield,MA,01089,42.139397,-72.62382,520,0
d7a8ac06-99e4-30f3-b0c8-17caaeb87bf4,c709c5eb-ddd7-3778-84f7-0931a4d1c718,Jim478 Goyette777,M,GENERAL PRACTICE,1200 CENTRE ST,ROSLINDALE,MA,021311000,42.29768,-71.130463,47,0
bee10c52-bfbe-3881-8ece-c2c24c143ef9,c05d73d0-b348-32ce-9fe5-13a720950f37,Rema399 McDermott739,F,GENERAL PRACTICE,45 DRUM HILL RD,CHELMSFORD,MA,018241503,42.6255635,-71.3615131,32,0
2e525cce-f392-3c21-844c-be61b941288d,ac0fde88-b0ad-3388-a4a8-b8fc2a4f4af2,Bobbye345 Wuckert783,F,GENERAL PRACTICE,150 YORK STREET,STOUGHTON,MA,020729105,42.144646800000004,-71.09875876961266,160,0
7be1d105-6115-3fc5-9def-0b3959a498bf,0e061004-bcc0-3e99-a237-d700823e817b,Kizzie166 Lehner980,F,GENERAL PRACTICE,570 BALDWINVILLE RD,BALDWINVILLE,MA,014361351,42.5953045,-72.07447782689232,47,0
8dbe9d55-a6fe-3623-b062-0e7bb2ca10e4,de3cc142-803a-3ed4-8945-75ec88a84784,Marta91 Rivas297,F,GENERAL PRACTICE,51 HOSPITAL ROAD,BALDWINVILLE,MA,014361215,42.6108483,-72.0608364,102,0
3bc8cbbc-d914-3b00-a45e-ab0d594ef7a0,0592d4e5-a0fb-3143-83cd-8e5a6b066a96,Ana Luisa894 Gallardo890,F,GENERAL PRACTICE,20 EAST ST,HANOVER,MA,023391638,42.1278249,-70.82664947485381,185,0
0b128d83-b266-32ac-85f0-c4b006e75400,c67ca7ed-4769-3b6c-a0a9-993f1227ff10,Allen322 Veum823,M,GENERAL PRACTICE,1 BLACKBURN DR,GLOUCESTER,MA,019302237,42.6269312,-70.65555242413386,110,0
8034d1ae-f34f-3dae-a499-21adfeaf07ed,6aae7a31-90df-3455-ad8d-81f8cf2d21e8,Damaris45 Funk324,F,GENERAL PRACTICE,680 CENTRE ST,BROCKTON,MA,023023308,42.0872752,-70.9910738855076,49,0
0a3602d8-f784-3a3a-90da-a7be33673af6,14036728-b721-3e4b-8755-8ee8ab6ed15e,Melodie819 Schmeler639,F,GENERAL PRACTICE,625 MOUNT AUBURN ST,CAMBRIDGE,MA,021384518,42.375351,-71.1468628,32,0
c017c211-7cc7-3096-8048-935f64ea8f0f,104079d4-560e-3eb8-9a48-d495835a3997,Nevada145 Schmeler639,F,GENERAL PRACTICE,68 CAMP ST,MASHPEE,MA,026493465,41.6484421,-70.4811383,122,0
